id,first_name,last_name,bloco,car,pet,gender,phone,salary,job,birthday,older,age,email
1,Burch,,7,,,M,,,,,,7,não tem
2,Analiese,Blenkinsop,5,false,true,F,5753805239,$4910.48,Payment Adjustment Coordinator,1952-10-04,true,,ablenkinsop1@slideshare.net
3,Carlita,Channon,7,true,true,F,7111226999,$4149.39,Quality Engineer,1948-12-25,true,,cchannon2@phoca.cz
4,Lillis,Pigford,15,false,true,F,2107946766,$3934.42,Civil Engineer,1992-11-06,true,,lpigford3@imdb.com
5,Rasia,Jagoe,17,true,false,F,6752102166,$1679.25,VP Accounting,1933-12-01,false,,rjagoe4@geocities.jp
6,Rogers,,14,,,M,,,,,,12,rschollar5@youku.com
7,Arnaldo,MacAskie,4,true,true,M,5288500575,$4782.51,Media Manager I,1975-12-30,false,,amacaskie6@salon.com
8,Teodorico,,17,,,M,,,,,,9,não tem
9,Aleksandr,Harmon,15,true,true,M,6918556396,$3277.02,Assistant Media Planner,1949-01-01,true,,aharmon8@ask.com
10,Edi,Caush,6,true,true,F,4899460591,$2838.79,Chemical Engineer,1971-06-10,false,,ecaush9@macromedia.com
11,Ebony,,7,,,F,,,,,,18,etreecea@com.com
12,Sandi,,11,,,F,,,,,,5,não tem
13,Robinet,McCaghan,16,false,true,F,3375622625,$3638.56,VP Marketing,1952-04-30,false,,rmccaghanc@eepurl.com
14,Morgen,Corday,1,true,false,F,2126742841,$4126.07,Operator,1946-01-08,false,,mcordayd@tamu.edu
15,Drucill,Tax,6,false,true,F,3506385073,$3832.91,Assistant Professor,1972-11-14,true,,dtaxe@paypal.com
16,Uriah,,6,,,M,,,,,,17,uditerf@com.com
17,Sherri,Currm,11,true,false,F,2537617542,$3923.42,Operator,1926-08-02,false,,scurrmg@mayoclinic.com
18,Moritz,Boncoeur,7,false,false,M,6945841919,$4410.82,Actuary,1970-07-18,false,,mboncoeurh@cbsnews.com
19,Bald,,7,,,M,,,,,,16,bphillipsi@theglobeandmail.com
20,Joelly,,14,,,F,,,,,,7,não tem
21,Neysa,Perrigo,15,true,true,F,1196502025,$4540.70,Assistant Media Planner,1929-04-21,true,,nperrigok@goo.ne.jp
22,Magnum,Aronow,16,true,false,M,4384698838,$1641.35,Sales Associate,1954-02-17,true,,maronowl@jalbum.net
23,Humfrey,Forsdyke,8,false,true,M,3574467038,$4804.56,Analog Circuit Design manager,1937-04-28,true,,hforsdykem@newyorker.com
24,Alasteir,Carmichael,10,true,true,M,2572385315,$2786.66,Senior Editor,1986-05-30,true,,acarmichaeln@clickbank.net
25,Kaleb,Maton,11,true,false,M,8312087193,$3126.04,Administrative Officer,1969-07-20,true,,kmatono@pen.io
26,Wiatt,Yakobovitz,5,true,true,M,2448037398,$3999.36,Web Developer III,1957-11-03,true,,wyakobovitzp@unicef.org
27,Gerardo,Robarts,17,true,true,M,2646978890,$3988.47,Desktop Support Technician,1977-12-20,false,,grobartsq@storify.com
28,Julina,,3,,,F,,,,,,21,jblitzerr@google.it
29,Kip,,16,,,F,,,,,,9,não tem
30,Kirstyn,,16,,,F,,,,,,15,kratteryt@webnode.com
31,Jedidiah,,16,,,M,,,,,,13,jcicculiu@about.me
32,Renato,,11,,,M,,,,,,9,não tem
33,Alissa,Munsey,8,false,false,F,5954182291,$2438.16,Director of Sales,1994-04-09,false,,amunseyw@ocn.ne.jp
34,Collen,Coode,5,false,false,F,1084461480,$3738.11,Analyst Programmer,1986-08-10,false,,ccoodex@skype.com
35,Webb,O' Brian,2,true,false,M,8431033307,$2412.85,Registered Nurse,1960-07-17,false,,wobriany@psu.edu
36,Tremain,Finnemore,14,false,true,M,4954869823,$1658.07,Media Manager III,1983-12-23,true,,tfinnemorez@china.com.cn
37,Cathrin,,6,,,F,,,,,,12,cswitland10@netlog.com
38,Edee,,5,,,F,,,,,,3,não tem
39,Nadiya,Ambroz,7,false,false,F,2043162760,$3576.91,Senior Quality Engineer,1926-08-27,true,,nambroz12@usgs.gov
40,Kimmi,Eldin,1,true,true,F,5045266516,$4093.13,Analog Circuit Design manager,1953-12-20,true,,keldin13@blogger.com
41,Sallie,Jedrasik,2,true,true,F,8444402330,$3098.78,Help Desk Technician,1990-02-24,true,,sjedrasik14@webs.com
42,Celie,,15,,,F,,,,,,19,cmoroney15@blogspot.com
43,Carney,,9,,,M,,,,,,17,cdoore16@scribd.com
44,Moise,Claiton,1,true,false,M,7648879248,$3065.44,Assistant Professor,1950-06-06,false,,mclaiton17@ovh.net
45,Jacquelin,,7,,,F,,,,,,19,jgirardy18@so-net.ne.jp
46,Gare,Laidlow,16,true,false,M,5262043467,$4132.07,Marketing Assistant,1951-07-06,false,,glaidlow19@loc.gov
47,Umberto,Derrett,4,false,false,M,6602994358,$2075.85,Senior Financial Analyst,1981-08-13,true,,uderrett1a@vimeo.com
48,Pren,Fockes,4,true,true,M,9753440533,$3434.63,Structural Analysis Engineer,1942-11-24,true,,pfockes1b@yelp.com
49,Alanah,Orknay,16,false,false,F,2997103512,$2804.12,Operator,1943-08-30,true,,aorknay1c@mail.ru
50,Antonietta,,15,,,F,,,,,,14,afoale1d@aboutads.info
51,Eddie,,1,,,M,,,,,,10,não tem
52,Ethe,Marchington,2,false,false,M,6144303476,$3538.01,Biostatistician IV,1948-06-26,true,,emarchington1f@yandex.ru
53,Annetta,Mellenby,16,true,false,F,9897602726,$4859.79,Staff Scientist,1966-01-03,false,,amellenby1g@tripadvisor.com
54,Nicholas,O'Kennavain,7,true,true,M,8007201252,$3949.69,Data Coordiator,1948-02-01,true,,nokennavain1h@symantec.com
55,Ulrikaumeko,Newbury,10,false,false,F,6995585720,$1640.63,Associate Professor,1939-07-12,true,,unewbury1i@whitehouse.gov
56,Gaylor,Buttrey,14,true,false,M,5144772476,$4146.34,Structural Analysis Engineer,1993-02-17,false,,gbuttrey1j@reuters.com
57,Lucho,Wadsworth,15,true,true,M,6904793828,$2410.33,Structural Engineer,1950-03-23,true,,lwadsworth1k@yellowbook.com
58,Valentino,Mehaffey,5,false,true,M,4481819275,$3595.46,Administrative Officer,1968-07-30,false,,vmehaffey1l@stumbleupon.com
59,Emelina,Dreelan,14,true,false,F,6374838872,$4490.66,Mechanical Systems Engineer,1981-03-25,true,,edreelan1m@godaddy.com
60,Nicolas,Dell Casa,5,false,false,M,7543490803,$2052.97,Web Designer III,1987-02-13,false,,ndellcasa1n@princeton.edu
61,Orel,Colenutt,17,true,true,F,6462216334,$2325.01,Editor,1990-01-21,false,,ocolenutt1o@aboutads.info
62,Dulsea,Aldham,2,true,false,F,1823734488,$4498.31,Graphic Designer,1945-08-27,true,,daldham1p@reuters.com
63,Franklyn,Paradin,5,false,true,M,6608464292,$4475.48,Payment Adjustment Coordinator,1961-04-18,true,,fparadin1q@multiply.com
64,Sib,Miskimmon,13,false,false,F,2566595416,$3623.15,Accountant III,1952-03-20,false,,smiskimmon1r@soup.io
65,Cedric,Zumbusch,10,false,true,M,4185995769,$4889.78,Electrical Engineer,1937-12-30,false,,czumbusch1s@usgs.gov
66,Gwyneth,,11,,,F,,,,,,8,não tem
67,Anne-marie,D'Antoni,3,true,true,F,9104093581,$2032.38,Sales Representative,1972-06-06,false,,adantoni1u@springer.com
68,Gerick,,11,,,M,,,,,,10,não tem
69,Cherilynn,,12,,,F,,,,,,13,cscollick1w@google.de
70,Jody,Purdie,11,true,true,M,8964779847,$3189.97,Design Engineer,1928-04-04,true,,jpurdie1x@state.tx.us
71,Raoul,,13,,,M,,,,,,7,não tem
72,Penny,Breitler,8,true,false,F,3376829563,$1570.17,Help Desk Technician,1995-05-18,false,,pbreitler1z@springer.com
73,Cornela,Toffoletto,6,true,false,F,7098600659,$2769.83,General Manager,1929-04-24,false,,ctoffoletto20@japanpost.jp
74,Rea,Szymoni,6,false,true,F,4495851866,$2997.06,Design Engineer,1989-04-23,true,,rszymoni21@netvibes.com
75,Jud,Whitnell,1,false,false,M,9865024716,$3669.44,Human Resources Assistant III,1977-09-08,false,,jwhitnell22@nba.com
76,Edith,Crowther,1,true,true,F,9761467526,$2747.40,Chemical Engineer,1927-03-01,false,,ecrowther23@kickstarter.com
77,Niall,Josephsen,1,true,true,M,3957151552,$2146.39,Software Consultant,1965-08-04,true,,njosephsen24@scientificamerican.com
78,Tina,,4,,,F,,,,,,17,tpinhorn25@statcounter.com
79,Norman,,8,,,M,,,,,,3,não tem
80,Oralla,,17,,,F,,,,,,18,obarrow27@mediafire.com
81,Odilia,,4,,,F,,,,,,15,ohansod28@ox.ac.uk
82,Laureen,Coaker,4,true,true,F,3111513003,$3039.63,Nuclear Power Engineer,1939-12-11,false,,lcoaker29@baidu.com
83,Alyda,Comelli,14,false,true,F,2538001176,$1959.17,Senior Sales Associate,1953-01-22,true,,acomelli2a@washington.edu
84,Sosanna,,9,,,F,,,,,,7,não tem
85,Augustine,Agass,10,true,false,M,7684204568,$2474.73,Analyst Programmer,1961-01-02,false,,aagass2c@youtu.be
86,Dorotea,,6,,,F,,,,,,21,dwyne2d@biblegateway.com
87,Cissiee,Kolczynski,5,false,true,F,4238177578,$4838.10,Librarian,1978-05-16,true,,ckolczynski2e@eventbrite.com
88,Joseph,Taggerty,12,false,false,M,1096159183,$3713.48,Project Manager,1925-12-14,false,,jtaggerty2f@hao123.com
89,Natasha,Petyanin,17,true,true,F,3115063281,$3924.63,Database Administrator IV,1929-12-29,false,,npetyanin2g@ow.ly
90,Anny,Lansdale,16,false,true,F,6802782547,$2627.22,Internal Auditor,1974-03-13,true,,alansdale2h@google.ca
91,Yoko,,11,,,F,,,,,,20,ysterley2i@indiatimes.com
92,Bee,Pickring,4,true,false,F,2235997251,$2905.57,Programmer Analyst III,1939-03-22,true,,bpickring2j@comsenz.com
93,Nicoli,Philip,3,false,false,F,5859883297,$3077.84,Staff Scientist,1928-04-14,false,,nphilip2k@msu.edu
94,Mari,Kollaschek,17,false,true,F,9761945079,$1738.57,Financial Advisor,1975-02-12,false,,mkollaschek2l@squarespace.com
95,Farrah,Addionizio,5,false,true,F,5515660813,$4017.63,Structural Engineer,1985-09-28,false,,faddionizio2m@berkeley.edu
96,Tracee,Leavold,15,false,false,F,5349776883,$2347.55,Recruiter,1986-10-10,true,,tleavold2n@jiathis.com
97,Maximo,Ladd,10,false,true,M,4732052411,$4322.04,Chief Design Engineer,1971-11-15,true,,mladd2o@blogtalkradio.com
98,Bar,Ostler,12,true,false,M,5412738208,$3630.87,Environmental Tech,1931-04-06,true,,bostler2p@squarespace.com
99,Vern,,17,,,M,,,,,,5,não tem
100,Isidoro,Stempe,8,true,false,M,8912315552,$2160.26,Associate Professor,1976-05-26,true,,istempe2r@whitehouse.gov
101,Seumas,,16,,,M,,,,,,6,não tem
102,Berkeley,Skellorne,15,true,false,M,4692682863,$3204.23,Chemical Engineer,1975-05-29,false,,bskellorne2t@cnn.com
103,Gran,,16,,,M,,,,,,9,não tem
104,Bret,Bagshawe,17,false,true,M,7537004324,$2576.09,Marketing Assistant,1986-02-13,false,,bbagshawe2v@studiopress.com
105,Hurleigh,Sertin,17,true,false,M,2748925529,$2918.16,Research Assistant IV,1970-01-27,true,,hsertin2w@indiegogo.com
106,Lin,,14,,,F,,,,,,20,lgiffaut2x@nymag.com
107,Marylee,Mulrenan,3,false,false,F,8963809057,$3015.19,Senior Cost Accountant,1969-03-22,false,,mmulrenan2y@tmall.com
108,Raphael,Walkden,15,false,false,M,3934275232,$2209.00,VP Product Management,1953-03-28,false,,rwalkden2z@nhs.uk
109,Mill,Tooze,9,false,true,M,1825384491,$1832.90,Account Executive,1975-02-24,false,,mtooze30@reuters.com
110,Brice,Matanin,15,false,true,M,7165787342,$3027.86,Chemical Engineer,1965-09-01,true,,bmatanin31@wordpress.org
111,Claretta,,6,,,F,,,,,,1,não tem
112,Shem,,15,,,M,,,,,,9,não tem
113,Siffre,Gartside,9,false,false,M,2101675974,$2825.80,Design Engineer,1985-02-10,false,,sgartside34@google.ru
114,Minna,,11,,,F,,,,,,15,mmoxsom35@cbsnews.com
115,Derron,,17,,,M,,,,,,6,não tem
116,Hamnet,,7,,,M,,,,,,9,não tem
117,Jania,Savery,17,false,false,F,8334339195,$2955.75,Media Manager II,1971-06-23,false,,jsavery38@photobucket.com
118,Aurthur,,13,,,M,,,,,,12,akelcher39@t.co
119,Christiano,O'Henehan,9,true,true,M,4795567980,$4135.79,Technical Writer,1982-10-11,false,,cohenehan3a@ebay.co.uk
120,Kristine,Bessant,8,false,false,F,2857434474,$1771.89,Web Designer I,1990-10-29,false,,kbessant3b@hibu.com
121,Ivar,,4,,,M,,,,,,8,não tem
122,Imogen,Orhrt,14,false,true,F,6535596027,$3043.86,Database Administrator III,1989-12-22,false,,iorhrt3d@japanpost.jp
123,Munroe,,13,,,M,,,,,,15,mcalvert3e@samsung.com
124,Raphael,,9,,,M,,,,,,11,roheagertie3f@mail.ru
125,Cheryl,Gehricke,1,false,false,F,2475240783,$2738.95,Budget/Accounting Analyst II,1928-07-29,false,,cgehricke3g@altervista.org
126,Fayina,Konneke,14,false,true,F,9046070315,$1858.54,Tax Accountant,1995-02-15,true,,fkonneke3h@uol.com.br
127,Katrina,Farryann,4,false,false,F,5395177549,$2382.07,Office Assistant II,1964-04-27,false,,kfarryann3i@list-manage.com
128,Shawna,Weeden,2,false,true,F,5476377072,$3253.84,Project Manager,1950-08-07,false,,sweeden3j@mozilla.org
129,Locke,Dur,5,true,false,M,9893724766,$3603.39,Recruiting Manager,1955-10-25,false,,ldur3k@eventbrite.com
130,Lyda,Coiley,10,true,false,F,4225871612,$2427.67,Developer II,1977-08-12,true,,lcoiley3l@slate.com
131,Leonidas,,16,,,M,,,,,,12,ldresse3m@tinypic.com
132,Merle,Bankes,5,false,false,M,2976942349,$3876.16,Professor,1969-07-26,true,,mbankes3n@mapquest.com
133,Merle,,12,,,M,,,,,,4,não tem
134,Stafani,,17,,,F,,,,,,20,sboyington3p@walmart.com
135,Ferdinand,Wenderott,2,true,false,M,1448632760,$4620.28,Analyst Programmer,1965-03-19,true,,fwenderott3q@eventbrite.com
136,Berna,Gullis,6,true,true,F,4815923335,$2793.22,Speech Pathologist,1937-08-25,false,,bgullis3r@hugedomains.com
137,Kat,,11,,,F,,,,,,18,kjosephson3s@google.pl
138,Bealle,Whybray,11,false,false,M,2193338163,$2434.90,Senior Cost Accountant,1965-07-31,false,,bwhybray3t@time.com
139,Emmerich,Endle,8,true,false,M,1517590744,$3543.97,General Manager,1978-01-12,true,,eendle3u@globo.com
140,Beatrisa,Barus,11,false,false,F,1259475795,$2418.34,Software Engineer IV,1956-10-10,true,,bbarus3v@si.edu
141,Kendrick,Dawidowitz,11,true,true,M,3807963610,$2077.63,Chief Design Engineer,1941-03-03,true,,kdawidowitz3w@miitbeian.gov.cn
142,Ronni,Hellewell,11,false,false,F,9777907686,$1922.85,Sales Representative,1952-01-03,false,,rhellewell3x@netvibes.com
143,Bria,Lintott,3,true,false,F,4417118774,$3416.72,Financial Advisor,1983-04-14,false,,blintott3y@china.com.cn
144,Marena,,5,,,F,,,,,,12,mgoodread3z@boston.com
145,Glenden,Wickens,10,true,true,M,3123501560,$3045.94,Technical Writer,1939-02-05,true,,gwickens40@cam.ac.uk
146,Adelice,Deinert,14,false,true,F,7581635575,$4311.02,Occupational Therapist,1965-10-26,false,,adeinert41@prnewswire.com
147,Rutherford,Weedon,6,true,false,M,9638251282,$3131.58,VP Sales,1965-01-13,false,,rweedon42@cnet.com
148,Nefen,,7,,,M,,,,,,8,não tem
149,Thadeus,,8,,,M,,,,,,6,não tem
150,Weston,Darrow,16,true,false,M,6075190584,$2349.73,Dental Hygienist,1960-04-25,true,,wdarrow45@dagondesign.com
151,Celestina,Januszkiewicz,7,false,true,F,9052883548,$2300.25,Nurse Practicioner,1962-09-23,true,,cjanuszkiewicz46@sfgate.com
152,Kenn,Haton,9,true,false,M,7556908377,$1549.02,Office Assistant IV,1989-10-31,true,,khaton47@yandex.ru
153,Margette,Kynvin,6,false,false,F,7514777897,$3846.26,Administrative Officer,1965-10-22,false,,mkynvin48@dedecms.com
154,Gert,,5,,,F,,,,,,7,não tem
155,Fredericka,Corwin,10,false,true,F,9744781822,$2023.65,Data Coordiator,1972-05-30,false,,fcorwin4a@soundcloud.com
156,Aili,Mea,4,false,false,F,1756352046,$4189.48,Legal Assistant,1967-10-13,false,,amea4b@oaic.gov.au
157,Viole,Dady,11,false,true,F,2958235055,$3312.30,Director of Sales,1938-10-06,false,,vdady4c@parallels.com
158,Brennan,Colpus,12,true,true,M,2943613680,$4642.04,Technical Writer,1956-09-26,false,,bcolpus4d@reuters.com
159,Addie,Shilstone,6,true,true,F,4037152999,$4714.21,VP Accounting,1928-01-17,false,,ashilstone4e@utexas.edu
160,Linea,Perazzo,14,true,false,F,7873224434,$4501.36,Chief Design Engineer,1977-06-22,true,,lperazzo4f@cbc.ca
161,Collette,Mattin,10,false,true,F,6755673239,$3725.39,Nuclear Power Engineer,1936-12-26,true,,cmattin4g@ucoz.com
162,Donia,Beining,11,false,true,F,2991077519,$4084.96,Software Engineer I,1953-11-22,false,,dbeining4h@cnet.com
163,Anthe,Pooley,9,false,true,F,5143837523,$3897.24,Statistician I,1927-11-30,true,,apooley4i@mediafire.com
164,Ramonda,,6,,,F,,,,,,8,não tem
165,Goran,Doige,3,false,true,M,8906179680,$4149.15,Food Chemist,1995-03-08,true,,gdoige4k@liveinternet.ru
166,Roxanne,Petrecz,2,true,true,F,8038434946,$3020.79,Account Representative I,1927-08-27,false,,rpetrecz4l@elpais.com
167,Fitz,,15,,,M,,,,,,17,fluten4m@blogspot.com
168,Susi,Whawell,12,true,false,F,3806186160,$4354.91,Executive Secretary,1976-03-31,true,,swhawell4n@mysql.com
169,Beitris,McQuillin,11,false,true,F,4482081149,$4333.13,Nurse,1926-04-24,true,,bmcquillin4o@istockphoto.com
170,Antonetta,Good,12,false,true,F,9403185045,$2210.22,VP Product Management,1933-08-06,true,,agood4p@phoca.cz
171,Natty,,15,,,M,,,,,,17,njosipovitz4q@zdnet.com
172,Nanci,,13,,,F,,,,,,10,não tem
173,Lee,,6,,,M,,,,,,11,lruddock4s@1und1.de
174,Waring,Crother,7,true,true,M,3848239176,$4056.83,Financial Advisor,1968-12-24,false,,wcrother4t@disqus.com
175,Shadow,Wilstead,7,true,false,M,2404945660,$4481.34,Desktop Support Technician,1943-05-30,false,,swilstead4u@pagesperso-orange.fr
176,Stanislas,Barcroft,13,true,true,M,4849723732,$3502.05,Staff Scientist,1941-12-04,true,,sbarcroft4v@mail.ru
177,Alayne,,13,,,F,,,,,,9,não tem
178,Leanor,,10,,,F,,,,,,5,não tem
179,Ingram,,7,,,M,,,,,,19,icampanelli4y@diigo.com
180,Barret,Gregore,15,true,false,M,5483517936,$4775.38,Assistant Manager,1941-06-08,true,,bgregore4z@gnu.org
181,Martie,,3,,,F,,,,,,20,mjellico50@un.org
182,Millard,,3,,,M,,,,,,16,msiveter51@ovh.net
183,Amata,Christmas,17,false,false,F,8956637191,$2267.80,Desktop Support Technician,1977-01-11,true,,achristmas52@artisteer.com
184,Edlin,,4,,,M,,,,,,10,não tem
185,Duffie,Todd,6,true,true,M,7332479960,$4717.17,Project Manager,1964-12-31,false,,dtodd54@nydailynews.com
186,Ryun,Andrys,2,false,false,M,5112647045,$2832.31,Geologist III,1943-12-15,false,,randrys55@biglobe.ne.jp
187,Trista,,16,,,F,,,,,,13,ttoon56@google.nl
188,Noach,,4,,,M,,,,,,1,não tem
189,Giuseppe,Gladbeck,7,false,false,M,7916349183,$2052.79,Help Desk Operator,1948-06-03,false,,ggladbeck58@buzzfeed.com
190,Amos,,11,,,M,,,,,,14,apiscot59@t-online.de
191,Antonetta,,15,,,F,,,,,,17,aendle5a@studiopress.com
192,Edgar,Kneeshaw,9,true,true,M,2432690894,$4061.57,Speech Pathologist,1940-02-03,false,,ekneeshaw5b@google.cn
193,Vivie,Brace,12,false,true,F,8176120504,$3886.64,Accountant IV,1937-03-30,false,,vbrace5c@gov.uk
194,Chaunce,Clerke,10,false,true,M,8966859630,$2571.73,Research Nurse,1959-06-18,false,,cclerke5d@weibo.com
195,Kellen,Saile,5,false,true,M,9969107362,$4778.57,General Manager,1936-10-09,true,,ksaile5e@columbia.edu
196,Brandi,,12,,,F,,,,,,6,não tem
197,Robert,,17,,,M,,,,,,1,não tem
198,Brockie,Coldicott,16,false,false,M,6266539989,$3796.81,Research Nurse,1948-12-30,false,,bcoldicott5h@cyberchimps.com
199,Maggi,Parkyn,6,true,true,F,6579921587,$4969.24,Recruiting Manager,1940-02-04,true,,mparkyn5i@4shared.com
200,Pearce,Hadkins,4,true,true,M,6848744457,$4936.14,Software Test Engineer III,1939-11-09,true,,phadkins5j@gravatar.com
201,Theodor,,12,,,M,,,,,,4,não tem
202,Warde,Sallinger,16,false,false,M,8423807611,$2260.44,Technical Writer,1954-03-02,false,,wsallinger5l@alibaba.com
203,Efrem,Wickins,12,false,false,M,3683179437,$3967.48,Pharmacist,1984-08-10,true,,ewickins5m@sourceforge.net
204,Erek,Stockbridge,8,false,true,M,2801392627,$1603.80,Health Coach III,1931-12-21,true,,estockbridge5n@ihg.com
205,Tyler,Georghiou,2,true,false,M,5195106220,$1712.17,Nurse,1989-04-25,false,,tgeorghiou5o@paypal.com
206,Ivette,Lichfield,7,true,true,F,2185933613,$1599.48,Electrical Engineer,1955-07-17,false,,ilichfield5p@gravatar.com
207,Charlean,,17,,,F,,,,,,5,não tem
208,Galven,,10,,,M,,,,,,14,gmaddie5r@free.fr
209,Tanny,Theobalds,3,false,false,M,4113042479,$4465.43,Programmer II,1936-06-16,false,,ttheobalds5s@sourceforge.net
210,Sophey,de Marco,7,false,true,F,6151614412,$3173.30,Dental Hygienist,1985-05-24,true,,sdemarco5t@tripadvisor.com
211,Gan,,14,,,M,,,,,,10,não tem
212,Bonnie,Bestwerthick,15,false,false,F,9529936408,$3348.39,Geologist IV,1969-12-10,false,,bbestwerthick5v@4shared.com
213,Bartel,Sanbrooke,9,false,true,M,7833457802,$3359.28,Help Desk Technician,1960-06-01,true,,bsanbrooke5w@symantec.com
214,Janela,Earingey,17,true,false,F,9672150625,$4686.03,Computer Systems Analyst IV,1990-10-01,true,,jearingey5x@reverbnation.com
215,Olag,Marzellano,8,false,false,M,4362949176,$3795.50,Geological Engineer,1944-11-23,false,,omarzellano5y@etsy.com
216,Brandyn,Grayer,7,false,false,M,2217856092,$2465.15,GIS Technical Architect,1944-03-09,true,,bgrayer5z@opensource.org
217,Jennette,,12,,,F,,,,,,10,não tem
218,Amelina,Bourdel,15,true,false,F,3321489818,$1988.89,Help Desk Technician,1942-08-25,false,,abourdel61@domainmarket.com
219,Paolo,Cancellor,2,true,false,M,1096261229,$4356.33,Food Chemist,1968-02-13,false,,pcancellor62@chronoengine.com
220,Cathyleen,,3,,,F,,,,,,8,não tem
221,Sherry,Lanfer,6,false,false,F,8831930865,$4439.71,Software Engineer I,1979-03-24,true,,slanfer64@clickbank.net
222,Cullie,Viollet,6,true,true,M,3039049565,$3528.72,Analyst Programmer,1962-02-28,true,,cviollet65@tamu.edu
223,Mannie,,7,,,M,,,,,,17,mmoultrie66@skype.com
224,Carri,Ballister,17,true,true,F,2941661390,$4954.00,Staff Accountant III,1984-06-21,true,,cballister67@csmonitor.com
225,Katti,Nardrup,15,true,false,F,6264487750,$4813.72,Legal Assistant,1988-09-16,false,,knardrup68@google.com.br
226,Vincents,Ilett,11,true,false,M,4967850470,$1930.22,Recruiter,1932-10-29,false,,vilett69@ycombinator.com
227,Marcelo,Jorez,2,false,true,M,5754823681,$2902.38,Senior Editor,1983-06-17,true,,mjorez6a@prlog.org
228,Richart,Pinches,9,false,true,M,5955057126,$2750.50,Teacher,1993-01-03,false,,rpinches6b@cdc.gov
229,Clint,,12,,,M,,,,,,19,clyddiatt6c@phpbb.com
230,Sadella,McQuode,1,false,true,F,3682651828,$4913.35,Graphic Designer,1991-07-27,true,,smcquode6d@hc360.com
231,Pet,Bourthouloume,1,true,true,F,4585885745,$1806.32,Internal Auditor,1930-02-26,false,,pbourthouloume6e@washingtonpost.com
232,Barret,Pizey,1,true,false,M,8576632105,$4370.32,Professor,1964-10-09,true,,bpizey6f@gmpg.org
233,Micky,,9,,,F,,,,,,7,não tem
234,Godfree,Casa,17,true,false,M,6542019450,$2041.32,Senior Sales Associate,1939-06-15,false,,gcasa6h@time.com
235,Vern,Burfoot,16,true,false,M,2549782963,$1959.32,Media Manager III,1970-07-03,true,,vburfoot6i@si.edu
236,Tedmund,Roy,16,true,false,M,7806396506,$4895.20,Assistant Media Planner,1945-05-06,true,,troy6j@mail.ru
237,Harry,Jankovsky,4,true,false,M,1815901244,$3549.30,Research Nurse,1966-10-16,false,,hjankovsky6k@hud.gov
238,Jenn,,10,,,F,,,,,,10,não tem
239,Bentley,Bennett,8,false,false,M,5277134478,$3070.21,Assistant Media Planner,1935-04-10,false,,bbennett6m@senate.gov
240,Page,Halfacre,14,false,true,F,3976211913,$4781.42,Chief Design Engineer,1952-04-13,false,,phalfacre6n@rambler.ru
241,Darill,Duding,5,true,true,M,4917952752,$2119.63,Web Designer II,1985-11-03,false,,dduding6o@freewebs.com
242,Vassili,Harragin,14,true,false,M,5009483665,$2213.62,Statistician III,1944-02-29,true,,vharragin6p@tiny.cc
243,Arie,Sterke,4,false,false,M,3957099391,$4973.30,Analyst Programmer,1993-07-17,true,,asterke6q@newyorker.com
244,Ferd,,4,,,M,,,,,,3,não tem
245,Willey,,11,,,M,,,,,,5,não tem
246,Claudian,,16,,,M,,,,,,6,não tem
247,Shermy,,1,,,M,,,,,,7,não tem
248,Adriano,Height,6,true,true,M,5426792682,$3450.31,Paralegal,1965-04-04,true,,aheight6v@google.com.au
249,Pepillo,Slyman,9,true,false,M,5389157656,$4941.88,Nuclear Power Engineer,1953-09-06,false,,pslyman6w@tinyurl.com
250,Anabella,,13,,,F,,,,,,1,não tem
251,Randa,Dyche,3,false,false,F,5411583161,$4385.40,Statistician III,1929-01-17,true,,rdyche6y@zdnet.com
252,Livy,,15,,,F,,,,,,9,não tem
253,Michal,de Amaya,17,true,false,F,6728541449,$2098.20,Social Worker,1961-03-30,false,,mdeamaya70@marketwatch.com
254,Gunar,Bessant,12,false,true,M,1466003149,$4258.33,Geologist II,1948-08-04,false,,gbessant71@pbs.org
255,Dominic,Runcie,9,false,true,M,1311461111,$1850.43,Graphic Designer,1993-03-06,false,,druncie72@google.co.uk
256,Bobbye,Knok,12,true,true,F,3777046310,$3523.80,Software Consultant,1986-10-07,true,,bknok73@youku.com
257,Lynda,Dutson,13,false,true,F,4439058601,$4377.34,Pharmacist,1936-05-10,true,,ldutson74@linkedin.com
258,Ashia,Glowach,11,false,true,F,5477323176,$2166.93,Editor,1929-04-18,false,,aglowach75@cloudflare.com
259,Corie,Antczak,4,true,false,F,4389951747,$2531.21,Civil Engineer,1938-10-06,true,,cantczak76@cnbc.com
260,Anet,Twopenny,17,false,false,F,8797752937,$3275.09,Human Resources Assistant I,1959-10-31,false,,atwopenny77@mashable.com
261,Jamesy,,5,,,M,,,,,,14,jyerrall78@seesaa.net
262,Tabbie,Eastby,16,false,false,M,8504634543,$2273.61,Automation Specialist III,1950-08-22,false,,teastby79@prlog.org
263,Dick,,16,,,M,,,,,,12,dchick7a@eepurl.com
264,Correna,,17,,,F,,,,,,19,cwiddecombe7b@auda.org.au
265,Avie,,4,,,F,,,,,,7,não tem
266,Dion,Linney,2,false,false,M,4971523380,$1825.10,Programmer II,1964-07-18,true,,dlinney7d@nymag.com
267,Graig,Filchagin,11,true,false,M,2652527336,$3935.26,Staff Accountant II,1950-11-16,false,,gfilchagin7e@walmart.com
268,Paulie,,14,,,F,,,,,,12,phynam7f@fema.gov
269,Liam,Mattheeuw,5,false,false,M,8855622171,$2664.78,Accountant I,1925-07-24,true,,lmattheeuw7g@timesonline.co.uk
270,Mariya,Rentoul,3,false,true,F,6682053579,$3226.55,Civil Engineer,1930-01-09,true,,mrentoul7h@instagram.com
271,Thoma,Piscot,3,true,true,M,8171371307,$2909.47,Software Engineer III,1988-01-19,true,,tpiscot7i@uiuc.edu
272,Ashley,,9,,,M,,,,,,19,asparkwill7j@unicef.org
273,Jarrett,,9,,,M,,,,,,20,jhastelow7k@yellowpages.com
274,Charlena,Vankov,3,false,false,F,8223231261,$4377.29,Staff Scientist,1979-01-27,false,,cvankov7l@cdbaby.com
275,Beitris,Vasquez,14,true,true,F,5291815156,$3479.89,Administrative Officer,1939-03-07,false,,bvasquez7m@vkontakte.ru
276,Bax,Banting,6,true,true,M,3104962131,$4386.62,Web Designer II,1972-08-08,true,,bbanting7n@wired.com
277,Fidole,Tomblett,5,false,true,M,7889361348,$4665.12,Marketing Assistant,1977-08-27,true,,ftomblett7o@uiuc.edu
278,Gabriel,,17,,,M,,,,,,2,não tem
279,Isidoro,Ginity,9,false,true,M,5213151519,$4770.57,Account Coordinator,1971-11-03,true,,iginity7q@boston.com
280,Betsey,,16,,,F,,,,,,14,bgrabbam7r@google.es
281,Booth,Palfrey,9,true,false,M,2977712341,$1633.72,Assistant Professor,1958-01-15,true,,bpalfrey7s@blogs.com
282,Matthus,Danett,6,true,true,M,7498240378,$1985.81,Physical Therapy Assistant,1979-05-10,false,,mdanett7t@tinypic.com
283,Ivett,Lomen,3,true,false,F,5926096439,$3477.18,Assistant Manager,1965-04-08,true,,ilomen7u@msn.com
284,Arley,Mordacai,8,true,true,M,7891259830,$3905.50,Data Coordiator,1980-06-14,false,,amordacai7v@about.me
285,Modesty,Koene,12,true,true,F,9841229119,$1740.82,Design Engineer,1959-09-19,true,,mkoene7w@shutterfly.com
286,Phillie,,7,,,F,,,,,,16,pburras7x@pagesperso-orange.fr
287,Locke,,15,,,M,,,,,,12,lludron7y@slate.com
288,Cassaundra,,8,,,F,,,,,,6,não tem
289,Magdalena,Duffell,3,false,true,F,9423141415,$3001.15,Systems Administrator IV,1949-01-11,true,,mduffell80@thetimes.co.uk
290,Georgeta,Duiged,16,true,false,F,3769660880,$2268.95,Environmental Tech,1973-05-16,false,,gduiged81@prnewswire.com
291,Stacee,,13,,,F,,,,,,8,não tem
292,Shari,Bachanski,17,false,true,F,5048841554,$1870.27,Media Manager IV,1930-03-26,true,,sbachanski83@jalbum.net
293,Lazar,,11,,,M,,,,,,3,não tem
294,Kyla,Gilbeart,9,false,true,F,1107813168,$2838.40,Help Desk Technician,1973-05-04,false,,kgilbeart85@un.org
295,Lou,Arias,1,false,true,F,8581871471,$4497.88,Senior Cost Accountant,1978-02-16,true,,larias86@mashable.com
296,Wells,,15,,,M,,,,,,6,não tem
297,Faina,Nerne,8,false,false,F,8605417193,$1681.48,Software Engineer III,1994-03-10,false,,fnerne88@1688.com
298,Rozanna,,5,,,F,,,,,,16,rstubbings89@jimdo.com
299,Ruttger,Close,12,true,true,M,9949163795,$4692.72,Product Engineer,1943-03-16,true,,rclose8a@usa.gov
300,Roberto,Thwaites,3,false,false,M,4444394447,$3386.00,Director of Sales,1938-05-07,true,,rthwaites8b@mysql.com
301,Raffarty,,3,,,M,,,,,,1,não tem
302,Hubert,Polkinhorn,9,false,true,M,9144859716,$1968.97,VP Quality Control,1983-01-10,true,,hpolkinhorn8d@plala.or.jp
303,Demetre,,17,,,M,,,,,,20,djantel8e@typepad.com
304,Micaela,Hilling,2,true,false,F,1338735803,$2407.26,Account Executive,1993-11-26,true,,mhilling8f@miitbeian.gov.cn
305,Aida,,10,,,F,,,,,,17,amorrallee8g@spotify.com
306,Eleonore,Davydychev,11,false,false,F,6713389378,$2166.16,Database Administrator I,1976-07-27,false,,edavydychev8h@xinhuanet.com
307,Bernete,Nuss,17,false,true,F,4889674636,$2234.67,Account Representative II,1965-10-28,true,,bnuss8i@issuu.com
308,Ron,,5,,,M,,,,,,1,não tem
309,Sondra,Cannaway,14,false,false,F,4829984899,$4474.21,Cost Accountant,1940-07-09,false,,scannaway8k@google.ca
310,Dur,Cassam,7,true,false,M,4378627762,$3219.21,Account Coordinator,1968-08-21,false,,dcassam8l@eepurl.com
311,Ody,Staniforth,2,true,true,M,6754648546,$4246.50,Chief Design Engineer,1964-09-16,true,,ostaniforth8m@epa.gov
312,Tracie,Redholes,14,false,false,M,3039073027,$4826.64,Quality Control Specialist,1994-07-28,false,,tredholes8n@w3.org
313,Benjamen,,10,,,M,,,,,,13,bklesel8o@foxnews.com
314,Stacie,Cheney,1,false,false,F,4198292420,$4044.53,Operator,1948-05-30,false,,scheney8p@amazon.co.jp
315,Maison,Fancott,12,true,false,M,9545750737,$3360.38,Chemical Engineer,1957-04-07,false,,mfancott8q@paginegialle.it
316,Barry,Wyburn,15,true,false,M,4304008487,$4427.96,Financial Analyst,1952-10-01,false,,bwyburn8r@tamu.edu
317,Constancia,Levet,11,true,true,F,7754776878,$2213.61,Librarian,1947-08-17,true,,clevet8s@shop-pro.jp
318,Gael,Epton,16,false,false,M,2008846172,$2418.03,Account Representative I,1971-01-31,true,,gepton8t@networksolutions.com
319,Nesta,Kose,2,false,true,F,6016923004,$3815.74,Software Engineer I,1984-05-25,false,,nkose8u@taobao.com
320,Murry,,7,,,M,,,,,,14,mpoxton8v@deliciousdays.com
321,Sara,Beards,1,false,true,F,3186150356,$1699.09,Civil Engineer,1974-09-12,true,,sbeards8w@alibaba.com
322,Vivien,,4,,,F,,,,,,18,vpaddy8x@whitehouse.gov
323,Caitrin,,8,,,F,,,,,,15,cplackstone8y@psu.edu
324,Arel,Mousby,15,false,false,M,6172952017,$4239.19,Automation Specialist IV,1954-09-21,false,,amousby8z@psu.edu
325,Baxy,Swaton,2,false,true,M,9736003808,$2761.25,Financial Analyst,1981-01-27,false,,bswaton90@networkadvertising.org
326,Shelli,Darley,10,true,false,F,9093483418,$3037.40,Software Test Engineer I,1948-02-24,true,,sdarley91@apple.com
327,Thaddeus,Bonsale,13,true,false,M,4449675414,$3006.12,Associate Professor,1967-03-08,false,,tbonsale92@google.com.br
328,Sandi,Loughran,8,true,false,F,4682984874,$4179.93,Account Coordinator,1973-04-06,true,,sloughran93@alibaba.com
329,Rubetta,,6,,,F,,,,,,21,rgennerich94@techcrunch.com
330,Dare,Dornin,13,false,false,M,5666565404,$4191.31,Payment Adjustment Coordinator,1989-07-05,true,,ddornin95@columbia.edu
331,Bamby,,9,,,F,,,,,,1,não tem
332,Olly,Sweetzer,2,false,false,M,4838116549,$2720.00,Senior Sales Associate,1941-11-29,true,,osweetzer97@freewebs.com
333,Odette,,8,,,F,,,,,,16,odugald98@smh.com.au
334,Odo,Aspole,1,true,false,M,8186237192,$1706.45,Physical Therapy Assistant,1926-05-17,false,,oaspole99@tinyurl.com
335,Pascal,Sidon,17,false,true,M,7472383796,$3093.22,Quality Control Specialist,1958-07-23,false,,psidon9a@freewebs.com
336,Rodie,Ashard,7,true,true,F,4124300107,$2357.92,Human Resources Manager,1941-08-27,false,,rashard9b@tiny.cc
337,Kittie,,15,,,F,,,,,,19,krollings9c@amazon.co.uk
338,Buck,Yo,13,false,false,M,9609159219,$2611.32,Civil Engineer,1958-04-14,true,,byo9d@utexas.edu
339,Daron,Fowlds,12,false,false,M,2046429787,$3128.21,Operator,1955-12-06,false,,dfowlds9e@foxnews.com
340,Jillene,Rafter,13,true,true,F,8894070021,$1623.53,Accountant II,1972-04-13,true,,jrafter9f@delicious.com
341,Jobina,MacColgan,10,true,true,F,2775869771,$1715.65,Systems Administrator II,1955-09-03,true,,jmaccolgan9g@forbes.com
342,Arnuad,McInteer,9,true,false,M,4208766496,$1915.46,VP Marketing,1957-12-01,false,,amcinteer9h@oakley.com
343,Brander,,2,,,M,,,,,,2,não tem
344,Trevor,Winterbourne,9,true,false,M,3485031667,$3792.92,Marketing Manager,1926-01-22,true,,twinterbourne9j@purevolume.com
345,Cornall,Free,14,false,true,M,5516840812,$4106.74,Technical Writer,1930-04-25,false,,cfree9k@diigo.com
346,Ursuline,,1,,,F,,,,,,19,uosmant9l@icq.com
347,Maggie,Mosey,5,true,true,F,6603664265,$4150.72,Electrical Engineer,1959-07-26,false,,mmosey9m@sbwire.com
348,Hollis,,7,,,M,,,,,,7,não tem
349,Meara,Dewhirst,3,true,true,F,7638254339,$3356.41,Director of Sales,1955-04-14,true,,mdewhirst9o@free.fr
350,Jess,Hucknall,12,false,true,M,9053558268,$2882.13,Occupational Therapist,1935-07-22,true,,jhucknall9p@canalblog.com
351,King,,7,,,M,,,,,,2,não tem
352,Boonie,,14,,,M,,,,,,8,não tem
353,Ancell,Digan,9,false,false,M,1445293162,$4039.64,Financial Advisor,1986-06-06,false,,adigan9s@360.cn
354,Pancho,Petruskevich,2,false,true,M,6463293481,$2859.62,Librarian,1945-01-27,false,,ppetruskevich9t@geocities.com
355,Herc,Brickdale,6,true,true,M,8717197557,$1843.64,Quality Control Specialist,1958-03-24,false,,hbrickdale9u@1und1.de
356,Vickie,,3,,,F,,,,,,3,não tem
357,Chet,,11,,,M,,,,,,18,cskupinski9w@umn.edu
358,Thorpe,Bramham,11,false,true,M,7932053158,$4826.37,Environmental Tech,1930-09-02,false,,tbramham9x@sourceforge.net
359,Beauregard,Nevett,6,true,false,M,2427950444,$4317.61,VP Accounting,1957-02-23,false,,bnevett9y@hostgator.com
360,Marcie,Pley,10,false,false,F,2631401723,$2968.96,Financial Advisor,1985-08-26,false,,mpley9z@cnbc.com
361,Avie,Jurs,12,true,true,F,8971715710,$3024.12,Web Designer I,1943-07-11,true,,ajursa0@cpanel.net
362,Winslow,,3,,,M,,,,,,21,wlettucea1@lulu.com
363,Lizabeth,Leggen,8,false,false,F,8599147873,$2123.24,Financial Analyst,1994-03-09,false,,lleggena2@usa.gov
364,Kissie,Le Marquis,7,false,false,F,3767368966,$4157.51,Senior Cost Accountant,1955-09-13,true,,klemarquisa3@linkedin.com
365,Ruggiero,,16,,,M,,,,,,2,não tem
366,Lind,,1,,,M,,,,,,8,não tem
367,Floria,Begin,8,true,false,F,9132017279,$3852.49,Health Coach I,1947-10-29,true,,fbegina6@wsj.com
368,Terri,Fishbourn,2,false,false,M,3008027692,$2729.87,Programmer Analyst III,1944-11-26,true,,tfishbourna7@epa.gov
369,Paxon,Stobbes,11,false,false,M,7623847750,$3866.02,Dental Hygienist,1986-12-12,true,,pstobbesa8@cloudflare.com
370,Vinnie,Craze,9,false,false,F,5388148133,$2532.09,Operator,1965-01-28,false,,vcrazea9@typepad.com
371,Kalie,,12,,,F,,,,,,15,kpuviaaa@theatlantic.com
372,Bekki,Karp,12,false,false,F,6528002831,$4017.99,Programmer I,1937-03-03,false,,bkarpab@yolasite.com
373,Thomasine,Fuxman,4,true,true,F,6147208362,$4966.08,Teacher,1985-09-09,false,,tfuxmanac@de.vu
374,Diane-marie,,15,,,F,,,,,,12,dclewsad@barnesandnoble.com
375,Joletta,Carnell,2,false,false,F,9258760016,$3575.21,Quality Control Specialist,1994-06-07,false,,jcarnellae@mail.ru
376,Cele,Sendley,3,true,false,F,9026331514,$1895.06,Recruiting Manager,1989-11-10,false,,csendleyaf@nps.gov
377,Antonia,Lynd,9,true,true,F,6859119230,$3919.41,Graphic Designer,1987-09-08,false,,alyndag@intel.com
378,Reamonn,MacGowing,11,false,true,M,9857309101,$1778.32,Software Engineer I,1978-12-20,true,,rmacgowingah@jalbum.net
379,Tedie,Curado,4,true,false,M,5774217632,$4965.86,Automation Specialist III,1981-02-28,true,,tcuradoai@dell.com
380,Iris,Engeham,10,false,false,F,2142088522,$4753.22,Business Systems Development Analyst,1965-10-12,false,,iengehamaj@google.co.jp
381,Jermain,Doncom,15,true,false,M,2763913305,$3365.98,Geologist III,1995-06-05,true,,jdoncomak@dmoz.org
382,Zachary,,5,,,M,,,,,,4,não tem
383,Benjamen,Cummungs,5,true,true,M,9419650032,$3390.97,Office Assistant IV,1958-03-19,true,,bcummungsam@si.edu
384,Darby,Allmark,8,false,true,M,6359709663,$2957.96,Assistant Professor,1934-12-27,true,,dallmarkan@oaic.gov.au
385,Isadore,Fenney,1,false,true,M,6877318981,$3990.23,Nurse,1970-08-02,true,,ifenneyao@nbcnews.com
386,Louis,Pierri,13,false,true,M,3689034167,$3076.96,Physical Therapy Assistant,1952-04-26,false,,lpierriap@biblegateway.com
387,Essie,,3,,,F,,,,,,2,não tem
388,Demetria,Coupland,11,false,false,F,3969258398,$1639.95,Human Resources Assistant I,1994-07-02,true,,dcouplandar@mozilla.org
389,Peadar,Gogie,3,true,false,M,1176011656,$2317.58,Safety Technician IV,1978-12-31,true,,pgogieas@sfgate.com
390,Hartley,Kerins,11,true,false,M,3904054792,$3854.59,Desktop Support Technician,1982-05-04,true,,hkerinsat@xing.com
391,Sanders,Blakeslee,17,true,false,M,2534652067,$4546.87,Technical Writer,1960-03-18,false,,sblakesleeau@plala.or.jp
392,Sonia,,9,,,F,,,,,,5,não tem
393,Cosmo,Olner,16,false,true,M,6899979108,$1765.11,VP Marketing,1932-03-09,false,,colneraw@themeforest.net
394,Stefan,,10,,,M,,,,,,3,não tem
395,Kissee,,2,,,F,,,,,,18,khayleray@blinklist.com
396,Timi,Blakelock,11,true,false,F,6138645357,$4062.17,Actuary,1966-01-11,false,,tblakelockaz@networkadvertising.org
397,Briano,,15,,,M,,,,,,4,não tem
398,Katinka,Kohlerman,1,false,false,F,7748034685,$4306.50,Quality Control Specialist,1957-02-01,true,,kkohlermanb1@comsenz.com
399,Conroy,Fireman,10,false,false,M,2895126342,$2229.69,Technical Writer,1995-04-16,true,,cfiremanb2@fotki.com
400,Bengt,,5,,,M,,,,,,13,bvarvellb3@google.cn
401,Patrice,Cully,5,false,false,M,1563158604,$4870.00,Data Coordiator,1951-04-28,false,,pcullyb4@1und1.de
402,Haze,,7,,,M,,,,,,19,haxlebyb5@un.org
403,Aurelea,Tipler,14,false,true,F,1078853187,$2970.50,Web Designer I,1969-07-23,true,,atiplerb6@independent.co.uk
404,Berny,,2,,,F,,,,,,19,bneavesb7@discovery.com
405,Saundra,Grindle,3,true,true,F,5328646150,$2549.31,Information Systems Manager,1979-08-05,false,,sgrindleb8@samsung.com
406,Welsh,,3,,,M,,,,,,9,não tem
407,Allister,Hoolaghan,4,true,false,M,5641823154,$4669.85,Tax Accountant,1982-11-05,false,,ahoolaghanba@mit.edu
408,Tilda,,14,,,F,,,,,,7,não tem
409,Willow,,13,,,F,,,,,,9,não tem
410,Thayne,,4,,,M,,,,,,12,tcaudelierbd@spiegel.de
411,Teodor,Candelin,13,true,true,M,5476792196,$3123.15,Nurse,1951-08-31,false,,tcandelinbe@reddit.com
412,Anatole,Antonsen,3,false,true,M,3988126637,$2889.57,Health Coach IV,1944-08-24,false,,aantonsenbf@angelfire.com
413,Dieter,Tollow,4,true,true,M,3515371054,$3950.18,Web Developer II,1953-08-11,false,,dtollowbg@wired.com
414,Sherline,,3,,,F,,,,,,19,swadleybh@ucla.edu
415,Kean,Crowter,16,false,true,M,8885886491,$3554.64,Financial Advisor,1935-03-10,false,,kcrowterbi@shop-pro.jp
416,Nelle,Gherardesci,13,false,false,F,1783702530,$3755.19,VP Quality Control,1957-04-21,false,,ngherardescibj@delicious.com
417,Bronny,,3,,,M,,,,,,5,não tem
418,Cory,,11,,,F,,,,,,17,cmulvennabl@si.edu
419,Morganne,,5,,,F,,,,,,9,não tem
420,Carmelia,Furse,9,false,false,F,6672895682,$4497.84,Staff Scientist,1934-11-01,true,,cfursebn@ed.gov
421,Nanon,Soans,14,true,true,F,2196830726,$2318.66,Internal Auditor,1937-10-09,false,,nsoansbo@domainmarket.com
422,Wini,,6,,,F,,,,,,1,não tem
423,Lowe,Bamling,15,false,false,M,6205985030,$4400.51,Analog Circuit Design manager,1985-05-05,false,,lbamlingbq@state.tx.us
424,Ode,Blamey,10,true,true,M,8877414528,$2444.53,Research Associate,1934-05-03,true,,oblameybr@wisc.edu
425,Nissy,Martino,3,false,true,F,4179268464,$2162.45,Financial Analyst,1979-05-22,false,,nmartinobs@prnewswire.com
426,Alfy,,8,,,M,,,,,,3,não tem
427,Koressa,Lande,13,true,false,F,1587253548,$4093.62,Help Desk Technician,1929-09-04,false,,klandebu@vimeo.com
428,Sanderson,Hussell,4,true,true,M,1123980336,$1816.28,Editor,1959-11-19,false,,shussellbv@uol.com.br
429,Karmen,Sweetnam,12,false,false,F,3232721726,$1567.55,Nuclear Power Engineer,1980-10-12,false,,ksweetnambw@yelp.com
430,Anderea,Ratchford,2,false,false,F,1788390451,$3366.05,Structural Engineer,1939-05-28,false,,aratchfordbx@usnews.com
431,Clarence,Earp,5,false,true,M,7145618362,$3819.65,Software Test Engineer II,1943-07-04,true,,cearpby@foxnews.com
432,Fionna,Earley,17,true,true,F,8452331360,$2476.03,Occupational Therapist,1966-04-21,false,,fearleybz@cyberchimps.com
433,Joyan,Sclater,15,false,true,F,2126172019,$1677.27,Accounting Assistant IV,1967-01-08,false,,jsclaterc0@scientificamerican.com
434,Beauregard,Barwell,13,false,false,M,8202828921,$3619.99,Statistician IV,1989-09-03,false,,bbarwellc1@unc.edu
435,Zsa zsa,,17,,,F,,,,,,17,zdreakinc2@elegantthemes.com
436,Rogerio,,3,,,M,,,,,,14,rfishleec3@sun.com
437,Rudyard,,12,,,M,,,,,,19,rvarlowc4@europa.eu
438,Aldus,Arsmith,2,false,false,M,1396487748,$4342.50,Internal Auditor,1994-06-06,false,,aarsmithc5@usnews.com
439,Nerita,Budden,1,false,true,F,3481183365,$4694.75,Staff Accountant IV,1942-11-16,false,,nbuddenc6@gmpg.org
440,Moishe,Shorrock,10,false,true,M,5682497916,$4914.24,VP Sales,1986-05-06,true,,mshorrockc7@senate.gov
441,Danyette,Menicomb,7,true,false,F,7621291338,$1634.58,Structural Analysis Engineer,1989-04-26,true,,dmenicombc8@edublogs.org
442,Nobe,Mattis,6,true,true,M,9894122444,$1626.02,Web Developer III,1982-02-12,true,,nmattisc9@wunderground.com
443,Udell,Shurmer,6,true,true,M,3271257100,$2463.54,Account Executive,1991-05-27,false,,ushurmerca@java.com
444,Candi,Clissett,1,false,true,F,3126444096,$2967.90,Marketing Assistant,1965-05-15,false,,cclissettcb@netlog.com
445,Elianora,Viles,2,true,false,F,2694215898,$1865.49,Geologist I,1940-01-24,true,,evilescc@spiegel.de
446,Darwin,Willder,10,false,false,M,7659857912,$4517.37,Sales Representative,1971-01-23,true,,dwilldercd@mozilla.org
447,Minna,,3,,,F,,,,,,12,mingarfillce@nih.gov
448,Lotta,MacClenan,2,false,false,F,1358754209,$2518.07,Senior Sales Associate,1955-12-15,true,,lmacclenancf@printfriendly.com
449,Nicky,,1,,,F,,,,,,18,nraincg@photobucket.com
450,Delaney,,7,,,M,,,,,,7,não tem
451,Loren,Gallyhaock,2,true,true,M,2817175624,$3158.48,Geological Engineer,1972-06-14,true,,lgallyhaockci@guardian.co.uk
452,Thedric,Filyukov,6,true,true,M,2373500741,$2767.84,Geologist IV,1938-01-14,true,,tfilyukovcj@timesonline.co.uk
453,Paulina,Hartwell,7,true,true,F,2933955842,$2862.14,Assistant Manager,1927-08-26,true,,phartwellck@scientificamerican.com
454,Mallory,Haseman,15,false,true,M,2192021256,$1865.76,Developer II,1946-10-07,true,,mhasemancl@wp.com
455,Geralda,Minton,6,true,true,F,8603582572,$3696.35,Environmental Tech,1937-08-28,false,,gmintoncm@sohu.com
456,Melesa,Pulster,5,false,true,F,8742632169,$3767.27,Community Outreach Specialist,1932-01-22,false,,mpulstercn@imdb.com
457,Joella,Danihel,10,false,true,F,1248001033,$2157.27,Business Systems Development Analyst,1992-03-23,true,,jdanihelco@mysql.com
458,Yorker,Van Arsdall,16,true,true,M,5396349327,$3188.85,Structural Analysis Engineer,1981-02-22,true,,yvanarsdallcp@photobucket.com
459,Ashleigh,Barwis,3,true,true,F,1231202946,$2737.05,Senior Sales Associate,1951-03-05,true,,abarwiscq@noaa.gov
460,Carolynn,,15,,,F,,,,,,6,não tem
461,Courtney,Fewster,15,true,true,M,8576942801,$1690.58,Software Engineer III,1948-12-12,false,,cfewstercs@nhs.uk
462,Neddie,,4,,,M,,,,,,14,ngissingct@csmonitor.com
463,Kimmie,Kinchlea,1,true,true,F,2074520277,$3715.88,Accounting Assistant IV,1938-04-25,true,,kkinchleacu@flavors.me
464,Angelia,Tinsley,15,false,true,F,7396360283,$1695.72,Research Assistant IV,1942-02-06,true,,atinsleycv@ucla.edu
465,Gisella,Cornelisse,15,false,true,F,2487144638,$2226.90,Software Consultant,1940-12-25,false,,gcornelissecw@i2i.jp
466,Bethanne,Shoard,15,false,true,F,1882371451,$4165.07,Actuary,1994-01-20,true,,bshoardcx@buzzfeed.com
467,Haslett,Stronack,7,false,true,M,9542922485,$1588.65,Software Engineer I,1992-04-01,true,,hstronackcy@drupal.org
468,Thebault,,12,,,M,,,,,,10,não tem
469,Merline,,2,,,F,,,,,,5,não tem
470,Neils,MacNockater,5,true,false,M,9038704830,$3751.80,Operator,1987-05-17,false,,nmacnockaterd1@foxnews.com
471,Duff,,2,,,M,,,,,,2,não tem
472,Pamela,Seeley,16,false,true,F,9993769607,$2621.09,Accounting Assistant I,1977-07-22,true,,pseeleyd3@blogs.com
473,Judon,Elnor,6,true,true,M,4797895923,$3419.48,Biostatistician IV,1937-05-08,false,,jelnord4@mit.edu
474,Hilario,Steggles,17,false,true,M,1021238484,$4182.25,Food Chemist,1994-03-21,true,,hstegglesd5@thetimes.co.uk
475,Annis,Rennebach,1,true,false,F,5521303996,$2541.68,Data Coordiator,1991-06-07,true,,arennebachd6@accuweather.com
476,Jacenta,Gamil,10,false,true,F,4788765485,$2561.52,Web Developer III,1962-04-28,false,,jgamild7@reuters.com
477,Lilias,Burgill,4,false,false,F,5023932124,$4755.24,VP Product Management,1964-10-09,true,,lburgilld8@pbs.org
478,Aleksandr,Dufore,13,true,true,M,8222731418,$4266.35,Recruiter,1926-11-09,true,,adufored9@mapy.cz
479,Boone,,13,,,M,,,,,,15,bsperrettda@google.ca
480,Reidar,Calam,6,false,false,M,5747195577,$3023.85,VP Marketing,1976-12-06,false,,rcalamdb@phpbb.com
481,Constantina,,5,,,F,,,,,,16,cdumbartondc@php.net
482,Corissa,Doughtery,3,false,true,F,8638171843,$4667.71,Speech Pathologist,1941-05-05,false,,cdoughterydd@linkedin.com
483,Bekki,Everett,8,false,false,F,9688414473,$4081.42,Registered Nurse,1971-03-18,true,,beverettde@networksolutions.com
484,Marylynne,Campey,2,false,false,F,7137962893,$4488.67,Environmental Tech,1936-09-24,false,,mcampeydf@php.net
485,Vivyanne,Gatheridge,15,false,false,F,2028668057,$3725.08,VP Product Management,1960-02-01,true,,vgatheridgedg@nytimes.com
486,Zed,Huckster,5,false,false,M,5694136802,$2441.87,Marketing Manager,1934-11-20,false,,zhucksterdh@over-blog.com
487,Rhona,Pavlik,9,true,false,F,5305954047,$3281.95,Research Nurse,1975-11-11,false,,rpavlikdi@tripod.com
488,Sella,Freckleton,8,true,false,F,5876721593,$1857.51,Media Manager IV,1985-01-31,false,,sfreckletondj@technorati.com
489,Hermy,Ruzek,14,false,false,M,7508476072,$1531.30,Quality Control Specialist,1966-01-20,true,,hruzekdk@chicagotribune.com
490,Sorcha,Sictornes,8,true,false,F,1956815893,$4034.94,Financial Advisor,1965-11-05,false,,ssictornesdl@techcrunch.com
491,Chelsey,Currey,15,true,false,F,7786252790,$4450.98,Statistician III,1968-01-10,true,,ccurreydm@ezinearticles.com
492,Elenore,Frankcomb,9,true,false,F,5725356086,$2250.80,Help Desk Operator,1985-01-29,true,,efrankcombdn@ovh.net
493,Goldia,Riding,14,true,false,F,6676840814,$3239.20,VP Product Management,1925-11-02,false,,gridingdo@lulu.com
494,Merill,,12,,,M,,,,,,19,mwoollheaddp@blogs.com
495,Maggee,Reinbech,10,true,false,F,3423425955,$4535.79,Media Manager I,1961-12-07,true,,mreinbechdq@shareasale.com
496,Claudian,Tailby,10,false,true,M,7264847481,$4058.75,Technical Writer,1951-04-12,true,,ctailbydr@tinyurl.com
497,Valentia,Tickner,4,true,false,F,9736220748,$4212.91,Tax Accountant,1944-01-22,false,,vticknerds@narod.ru
498,Michale,,16,,,M,,,,,,20,mdoyledt@amazon.co.uk
499,Amandi,Ticehurst,1,false,true,F,8923411367,$4529.76,Civil Engineer,1960-09-22,true,,aticehurstdu@home.pl
500,Gray,Mandel,13,false,false,F,2899019437,$2027.97,Mechanical Systems Engineer,1973-07-19,true,,gmandeldv@squarespace.com
501,Maitilde,Yakobovitz,13,true,true,F,6346273767,$4166.84,Graphic Designer,1971-04-08,false,,myakobovitzdw@topsy.com
502,Gayla,Mundee,11,true,true,F,8081307780,$3960.54,Geologist IV,1972-12-22,false,,gmundeedx@walmart.com
503,Pauly,Cockerell,7,false,true,F,9702565625,$3508.29,Account Representative III,1978-10-28,true,,pcockerelldy@bravesites.com
504,Sinclare,Hulburd,6,true,true,M,7714449460,$4568.96,Administrative Officer,1981-02-20,true,,shulburddz@nifty.com
505,Noami,Syder,9,true,true,F,3891021911,$3983.00,Nurse Practicioner,1941-04-17,true,,nsydere0@lulu.com
506,Chicky,Marklund,8,true,true,F,7912651181,$3232.08,Office Assistant I,1953-01-15,false,,cmarklunde1@mapquest.com
507,Arvin,Brickner,1,true,false,M,4158182082,$2345.53,Research Associate,1932-04-07,true,,abricknere2@gov.uk
508,Gabriellia,Draysey,4,true,true,F,6937195723,$4850.00,Senior Developer,1953-03-10,false,,gdrayseye3@yahoo.co.jp
509,Dal,Helks,15,false,true,M,1551554180,$2390.89,Actuary,1982-05-02,false,,dhelkse4@quantcast.com
510,Wilona,Bazylets,12,true,false,F,9628285305,$3951.56,Marketing Manager,1980-11-05,true,,wbazyletse5@auda.org.au
511,Dame,Treleaven,4,false,false,M,4344584482,$2947.48,Design Engineer,1971-12-25,false,,dtreleavene6@berkeley.edu
512,Adria,Connold,1,false,true,F,2659631315,$2932.89,Safety Technician I,1992-07-28,false,,aconnolde7@hostgator.com
513,Teodorico,Raggles,6,false,true,M,9663297816,$3394.26,Registered Nurse,1965-12-09,false,,tragglese8@eventbrite.com
514,Jocelin,Barock,12,false,true,F,7644080917,$2785.78,Environmental Specialist,1982-03-12,true,,jbarocke9@amazonaws.com
515,Reinold,,15,,,M,,,,,,6,não tem
516,Regan,Walewski,7,true,true,F,8323588245,$4812.80,Senior Financial Analyst,1928-05-31,false,,rwalewskieb@cmu.edu
517,Oona,Bendig,14,false,false,F,3645237651,$3332.33,Cost Accountant,1956-10-22,true,,obendigec@privacy.gov.au
518,Ilyse,Getch,10,true,false,F,9363170665,$2924.21,Structural Engineer,1981-09-23,false,,igetched@dedecms.com
519,Tommi,Ealam,2,true,true,F,8262378440,$2637.67,General Manager,1976-10-06,false,,tealamee@google.com.au
520,Siobhan,Sloy,6,true,true,F,2386851809,$3134.77,Electrical Engineer,1977-02-20,false,,ssloyef@berkeley.edu
521,Camala,Quinion,9,true,true,F,3591909326,$2123.72,Clinical Specialist,1985-06-13,false,,cquinioneg@slashdot.org
522,Roselin,Sultana,13,false,true,F,1462787964,$2081.59,Food Chemist,1927-10-21,false,,rsultanaeh@imgur.com
523,Clemente,,13,,,M,,,,,,4,não tem
524,Dionysus,Pouck,8,false,false,M,2464503380,$1809.18,Account Executive,1965-09-12,true,,dpouckej@shutterfly.com
525,Hadria,Lampel,9,false,false,F,4985810762,$3985.04,Financial Advisor,1965-07-10,false,,hlampelek@nature.com
526,Jenifer,,4,,,F,,,,,,21,jarnautel@howstuffworks.com
527,Nelson,,12,,,M,,,,,,2,não tem
528,Bili,,12,,,F,,,,,,9,não tem
529,Jens,Pinnigar,2,true,false,M,1349186070,$2368.47,Business Systems Development Analyst,1960-02-27,true,,jpinnigareo@blinklist.com
530,Godfry,Arckoll,16,false,false,M,3687304734,$3425.64,Research Assistant I,1977-08-02,false,,garckollep@free.fr
531,Lynne,Ponceford,6,true,false,F,3396287831,$3336.02,Software Consultant,1926-06-27,false,,lponcefordeq@stumbleupon.com
532,Miof mela,Jobbing,5,false,false,F,2151669886,$3649.06,Community Outreach Specialist,1930-03-31,false,,mjobbinger@amazon.co.uk
533,Antonino,,14,,,M,,,,,,6,não tem
534,Gray,Signe,12,true,true,M,8337527447,$4032.68,Software Engineer IV,1974-04-25,false,,gsigneet@foxnews.com
535,Tracy,,11,,,M,,,,,,5,não tem
536,Roberto,O'Kuddyhy,11,false,false,M,6954771132,$2806.59,Teacher,1980-04-25,false,,rokuddyhyev@narod.ru
537,Morena,Stephenson,11,false,false,F,7515071401,$3445.30,Accounting Assistant I,1935-10-19,false,,mstephensonew@jimdo.com
538,Colleen,Yvens,5,false,false,F,5131293206,$2860.62,Quality Engineer,1971-05-04,true,,cyvensex@wunderground.com
539,Findlay,Befroy,16,true,false,M,8903534884,$1898.53,Systems Administrator II,1986-01-07,false,,fbefroyey@mozilla.com
540,Brendin,Sich,2,true,true,M,4564363098,$4306.90,Chief Design Engineer,1945-05-20,false,,bsichez@msu.edu
541,Marina,O'Lagene,9,true,false,F,7112451497,$3981.17,Design Engineer,1984-06-11,true,,molagenef0@typepad.com
542,Abigail,Cottesford,10,false,false,F,9907165767,$2394.61,Paralegal,1973-10-13,true,,acottesfordf1@fema.gov
543,Zebadiah,Rawlings,7,true,false,M,4051679573,$2662.95,Data Coordiator,1951-05-24,false,,zrawlingsf2@state.tx.us
544,Cesare,Boorn,17,true,false,M,5879476267,$1734.12,Environmental Specialist,1982-06-08,true,,cboornf3@indiatimes.com
545,Glendon,,1,,,M,,,,,,2,não tem
546,Sigismond,,8,,,M,,,,,,8,não tem
547,Elli,Petranek,3,false,true,F,8996430430,$4924.84,Marketing Manager,1960-02-27,false,,epetranekf6@weather.com
548,Claresta,MacSharry,6,false,false,F,2073092370,$3825.77,Assistant Manager,1936-09-21,false,,cmacsharryf7@lulu.com
549,Tamma,,2,,,F,,,,,,20,tlyngstedf8@youku.com
550,Ring,Tailour,17,true,false,M,9421816875,$3571.37,Analog Circuit Design manager,1941-08-24,true,,rtailourf9@home.pl
551,Alex,,6,,,M,,,,,,5,não tem
552,Aurora,Limprecht,6,false,false,F,8342255574,$3308.86,Research Nurse,1986-02-22,true,,alimprechtfb@histats.com
553,Roxana,Noods,1,true,false,F,5592720495,$4403.43,Environmental Tech,1959-08-28,true,,rnoodsfc@bandcamp.com
554,Beverly,Hearnshaw,11,false,false,F,9945393126,$3559.54,Budget/Accounting Analyst IV,1937-08-07,false,,bhearnshawfd@theguardian.com
555,Ellene,Henfre,3,true,false,F,5597928786,$3406.40,Structural Analysis Engineer,1961-09-08,true,,ehenfrefe@wunderground.com
556,Billy,,17,,,M,,,,,,6,não tem
557,Garry,,10,,,M,,,,,,13,greardenfg@narod.ru
558,Dominic,Welbrock,7,true,false,M,7048741547,$4677.63,Biostatistician I,1984-11-12,true,,dwelbrockfh@ezinearticles.com
559,Ailee,Blincko,13,false,true,F,5106403721,$4603.05,Software Consultant,1992-03-02,true,,ablinckofi@ehow.com
560,Rolf,,11,,,M,,,,,,11,rropefj@hatena.ne.jp
561,Avril,Attwill,8,false,false,F,1089283721,$3041.83,Software Engineer III,1977-10-15,true,,aattwillfk@marriott.com
562,Noah,Tillman,14,false,false,M,4295064775,$2903.61,Database Administrator III,1975-07-14,true,,ntillmanfl@fc2.com
563,Augusto,,17,,,M,,,,,,18,acavyfm@msu.edu
564,Iolande,,3,,,F,,,,,,1,não tem
565,Arte,Bluck,16,false,true,M,9278623912,$3951.73,Nurse,1961-03-25,true,,abluckfo@tmall.com
566,Caroljean,Hairs,4,false,false,F,3943311466,$2111.10,Tax Accountant,1929-09-14,false,,chairsfp@baidu.com
567,Kilian,,7,,,M,,,,,,20,kmccaughenfq@usa.gov
568,Nancee,Elletson,16,false,true,F,6366910865,$3639.53,Staff Scientist,1934-03-08,false,,nelletsonfr@microsoft.com
569,Ellene,,3,,,F,,,,,,3,não tem
570,Stephani,Willbraham,9,false,false,F,5042935503,$2782.23,Chief Design Engineer,1928-01-08,true,,swillbrahamft@topsy.com
571,Xever,Guiducci,5,false,false,M,7374242925,$4680.30,Staff Scientist,1937-11-16,false,,xguiduccifu@ask.com
572,Josy,Malcolmson,16,false,true,F,9389052205,$1897.73,Senior Financial Analyst,1962-01-15,true,,jmalcolmsonfv@oakley.com
573,Travus,Laban,16,false,false,M,3889062994,$4523.94,Registered Nurse,1954-03-24,true,,tlabanfw@angelfire.com
574,Lorain,Ellacombe,3,false,false,F,3616170978,$4069.51,Recruiter,1942-05-09,true,,lellacombefx@newsvine.com
575,Marten,Cops,16,false,false,M,1219318729,$3957.43,Financial Advisor,1945-02-22,false,,mcopsfy@seattletimes.com
576,Alyosha,Pernell,2,true,true,M,7325160195,$1668.10,Analog Circuit Design manager,1955-11-10,true,,apernellfz@github.com
577,Guendolen,Caruth,16,true,true,F,4379306941,$2460.67,Web Designer II,1980-05-14,true,,gcaruthg0@globo.com
578,Thorpe,Blewis,5,true,true,M,1313938034,$3289.13,Financial Analyst,1952-08-24,false,,tblewisg1@istockphoto.com
579,Donetta,McNerlin,12,true,false,F,6269415612,$2587.21,Desktop Support Technician,1984-12-03,true,,dmcnerling2@si.edu
580,Sherie,Van de Velde,11,true,false,F,9103125979,$4461.69,Senior Editor,1933-09-28,false,,svandeveldeg3@clickbank.net
581,Sophey,,1,,,F,,,,,,10,não tem
582,Fairlie,Dellatorre,9,false,false,M,3749558591,$4981.76,Account Representative IV,1986-04-03,false,,fdellatorreg5@admin.ch
583,Teresa,New,3,false,true,F,5688780100,$4229.10,Structural Analysis Engineer,1950-09-23,true,,tnewg6@domainmarket.com
584,Filmore,Ughelli,7,true,true,M,1512527358,$2672.40,Help Desk Operator,1929-04-08,true,,fughellig7@acquirethisname.com
585,Jenda,Tyrrell,7,false,false,F,1773945118,$3940.62,GIS Technical Architect,1947-05-05,true,,jtyrrellg8@mozilla.org
586,Claudelle,Scrivens,12,false,false,F,1023240354,$4913.38,Software Engineer III,1964-05-21,true,,cscrivensg9@usatoday.com
587,Erwin,Blowne,12,true,true,M,4402770812,$2801.45,Staff Accountant II,1988-10-28,true,,eblownega@tamu.edu
588,Ange,Botright,4,true,true,F,1337276072,$2798.77,Automation Specialist IV,1986-09-14,true,,abotrightgb@pagesperso-orange.fr
589,Efrem,Dartan,8,true,false,M,7772811638,$2333.77,Senior Quality Engineer,1982-01-31,false,,edartangc@imdb.com
590,Judon,Neicho,11,false,true,M,4449088448,$4728.74,Nuclear Power Engineer,1971-12-30,false,,jneichogd@i2i.jp
591,Julina,Stripp,4,false,false,F,7021461124,$4059.98,Administrative Assistant II,1965-06-01,false,,jstrippge@washingtonpost.com
592,Carce,O'Nion,14,false,false,M,9766775789,$3784.38,Mechanical Systems Engineer,1933-09-28,true,,coniongf@howstuffworks.com
593,Udale,,4,,,M,,,,,,21,ugreensladegg@nasa.gov
594,Tiphani,Rutter,2,true,true,F,3848883202,$3888.52,Assistant Media Planner,1987-06-14,true,,truttergh@wp.com
595,Hildy,Fleis,16,false,false,F,5852727363,$3393.38,Structural Analysis Engineer,1932-05-18,true,,hfleisgi@myspace.com
596,Blinny,,3,,,F,,,,,,1,não tem
597,Sophie,Hobden,13,false,false,F,4927061865,$4319.57,Actuary,1933-01-13,true,,shobdengk@aol.com
598,Kalil,Cammack,17,false,true,M,8802749128,$4109.36,Senior Financial Analyst,1939-06-10,false,,kcammackgl@census.gov
599,Nonna,,12,,,F,,,,,,9,não tem
600,Kelby,Cleverley,2,true,false,M,7705256439,$3706.30,Senior Quality Engineer,1943-02-17,true,,kcleverleygn@posterous.com
601,Hirsch,,1,,,M,,,,,,12,hgrassingo@list-manage.com
602,Lillian,Hindrick,4,false,true,F,3643725933,$4154.36,Safety Technician I,1991-05-03,false,,lhindrickgp@bloomberg.com
603,Jennie,Verryan,15,true,false,F,7349073802,$2804.58,Physical Therapy Assistant,1984-01-05,true,,jverryangq@newsvine.com
604,Selma,,6,,,F,,,,,,4,não tem
605,Emmi,Garie,8,false,true,F,1771895661,$2825.90,Internal Auditor,1994-06-17,false,,egariegs@narod.ru
606,Trenton,Dye,6,true,true,M,3844003362,$4976.99,Food Chemist,1942-05-08,true,,tdyegt@list-manage.com
607,Melina,Prestwich,4,false,false,F,2284810809,$2207.06,Sales Associate,1931-12-13,true,,mprestwichgu@auda.org.au
608,Ronny,,15,,,M,,,,,,16,rgrzegorekgv@flavors.me
609,Alicia,,10,,,F,,,,,,12,aeldingw@fda.gov
610,Maryjo,,3,,,F,,,,,,10,não tem
611,Lisetta,Crocken,13,true,true,F,8219674105,$3117.21,Chemical Engineer,1988-01-03,false,,lcrockengy@netlog.com
612,Nickola,Tremellier,10,false,true,M,9217663289,$1564.15,Software Test Engineer I,1964-01-07,true,,ntremelliergz@homestead.com
613,Annabal,,13,,,F,,,,,,17,abogeyh0@census.gov
614,Merrily,,11,,,F,,,,,,1,não tem
615,Erna,Chance,16,false,true,F,7868685177,$2262.88,Help Desk Technician,1951-08-17,false,,echanceh2@netlog.com
616,Barrie,Rosoni,10,false,true,F,8018989458,$2981.09,Environmental Tech,1947-08-29,true,,brosonih3@blogger.com
617,Hieronymus,,14,,,M,,,,,,14,hbrindh4@nbcnews.com
618,Maurene,Novik,14,false,true,F,8225096603,$4932.73,Programmer I,1969-05-03,false,,mnovikh5@odnoklassniki.ru
619,Donalt,,2,,,M,,,,,,17,dantonikh6@networkadvertising.org
620,Madge,,9,,,F,,,,,,16,mginnallyh7@1und1.de
621,Margarette,Pifford,3,false,false,F,3109762131,$4102.66,Editor,1957-09-07,true,,mpiffordh8@craigslist.org
622,Tova,Wasmuth,17,true,false,F,3712462236,$3472.96,Analog Circuit Design manager,1947-08-24,true,,twasmuthh9@ucoz.com
623,Christin,Eglese,12,false,true,F,7629008546,$4243.60,Director of Sales,1926-04-14,true,,cegleseha@tripadvisor.com
624,Findlay,Klasen,4,false,false,M,7597881954,$2514.60,Cost Accountant,1952-09-25,true,,fklasenhb@usnews.com
625,Enrika,,6,,,F,,,,,,10,não tem
626,Koral,Nawton,1,true,true,F,8874151995,$3485.40,Senior Developer,1975-04-04,true,,knawtonhd@usa.gov
627,Oliy,Brundell,1,false,false,F,5331175922,$2464.14,Director of Sales,1978-09-14,false,,obrundellhe@istockphoto.com
628,Denni,Cornfoot,12,false,false,F,4974684899,$1921.07,Geologist III,1936-10-14,false,,dcornfoothf@feedburner.com
629,Hedda,Consterdine,12,true,false,F,7869017135,$4854.60,Help Desk Operator,1957-12-12,true,,hconsterdinehg@multiply.com
630,Osgood,Hazelden,4,false,false,M,3071650662,$4858.94,Accountant III,1988-04-26,false,,ohazeldenhh@moonfruit.com
631,Carla,Downs,12,false,false,F,3382977378,$4737.01,Geologist IV,1942-08-21,false,,cdownshi@mayoclinic.com
632,Corrianne,,4,,,F,,,,,,17,cabarrowhj@unblog.fr
633,Matthew,,2,,,M,,,,,,14,mrobesonhk@java.com
634,Artemis,Yurlov,4,false,false,M,6509396046,$2513.44,Structural Engineer,1974-09-08,false,,ayurlovhl@lulu.com
635,Ivy,Mathen,11,false,false,F,7218784226,$4970.91,VP Sales,1961-03-18,true,,imathenhm@spotify.com
636,Shem,Barrow,15,true,true,M,9064564898,$3386.66,Geological Engineer,1971-07-11,false,,sbarrowhn@bloomberg.com
637,Raven,Coppock.,16,true,false,F,6692207772,$2962.47,Operator,1968-05-02,false,,rcoppockho@salon.com
638,Francoise,Mothersole,16,false,true,F,7949762690,$1811.51,Geological Engineer,1963-05-18,false,,fmothersolehp@fc2.com
639,Eleanor,Tinline,14,true,true,F,1985256798,$3247.33,Engineer I,1975-12-03,false,,etinlinehq@imageshack.us
640,Eyde,Middle,4,true,true,F,2981370394,$3598.88,Health Coach IV,1944-01-14,true,,emiddlehr@multiply.com
641,Madelina,De la Harpe,14,false,false,F,8624361774,$2875.91,Recruiting Manager,1954-03-13,false,,mdelaharpehs@hexun.com
642,Lyndsey,Rapp,17,false,true,F,1974428122,$3515.71,Assistant Media Planner,1979-03-02,true,,lrappht@slashdot.org
643,Eduardo,Pleasaunce,3,false,true,M,4423512423,$2490.98,Chemical Engineer,1944-04-19,true,,epleasauncehu@opensource.org
644,Reagen,,5,,,M,,,,,,11,rjarrardhv@amazon.de
645,Charlene,,12,,,F,,,,,,4,não tem
646,Shandie,Fontanet,6,true,true,F,6977199998,$4831.39,Payment Adjustment Coordinator,1960-03-15,true,,sfontanethx@go.com
647,Coretta,Mapston,3,true,false,F,6833563691,$4848.56,Help Desk Technician,1984-07-27,false,,cmapstonhy@mediafire.com
648,Cristal,Ratray,11,false,false,F,4027017486,$4483.90,Software Consultant,1964-11-09,false,,cratrayhz@google.nl
649,Easter,Dizlie,17,false,false,F,4034342080,$2987.91,Software Consultant,1982-11-26,false,,edizliei0@umn.edu
650,Lucille,Tomasello,12,false,true,F,2479126300,$1663.70,Associate Professor,1984-04-02,false,,ltomaselloi1@tamu.edu
651,Kayle,Wycliffe,12,true,true,F,9196474258,$3193.53,Automation Specialist IV,1927-03-25,true,,kwycliffei2@statcounter.com
652,Keslie,McParlin,9,true,true,F,3125830769,$1564.03,Clinical Specialist,1925-07-22,true,,kmcparlini3@auda.org.au
653,Wolfgang,Indruch,13,true,false,M,8162508290,$2944.39,Structural Engineer,1982-11-01,true,,windruchi4@ftc.gov
654,Dilan,,7,,,M,,,,,,2,não tem
655,Rustie,Eloi,3,false,true,M,5999932303,$3992.39,Environmental Tech,1989-06-15,true,,reloii6@domainmarket.com
656,Delia,,15,,,F,,,,,,18,dschlagtmansi7@addtoany.com
657,Dode,Linny,8,true,true,F,9918637829,$1617.28,Editor,1946-05-12,false,,dlinnyi8@tmall.com
658,Robinia,,6,,,F,,,,,,9,não tem
659,Kristina,,13,,,F,,,,,,10,não tem
660,Costanza,Smyley,13,false,true,F,7254368914,$2748.80,Human Resources Assistant II,1958-02-19,false,,csmyleyib@dmoz.org
661,Kellen,Dyka,3,true,true,F,4122730646,$2394.14,Registered Nurse,1953-06-28,false,,kdykaic@apache.org
662,Cyb,Huge,4,true,false,F,8141973741,$2991.09,Speech Pathologist,1958-01-28,false,,chugeid@unicef.org
663,Leonid,Totton,17,true,false,M,5568973621,$1581.94,Analyst Programmer,1939-12-04,false,,ltottonie@china.com.cn
664,Elmira,,7,,,F,,,,,,3,não tem
665,Daren,Churn,2,true,true,M,7788995570,$3796.53,Legal Assistant,1934-06-01,true,,dchurnig@shareasale.com
666,Hughie,O'Gaven,4,true,false,M,6192510609,$3025.71,Junior Executive,1944-02-13,false,,hogavenih@npr.org
667,Nadiya,Cockland,11,true,true,F,8183397997,$2856.36,Software Engineer II,1970-03-21,true,,ncocklandii@addthis.com
668,Ingunna,Heliet,13,false,false,F,6543602853,$3765.13,Actuary,1972-02-25,false,,ihelietij@tuttocitta.it
669,Flory,,15,,,F,,,,,,19,fbirtwellik@reverbnation.com
670,Winn,,8,,,M,,,,,,16,wseail@trellian.com
671,Benjamin,Cantor,6,true,false,M,6732551284,$2544.84,Environmental Specialist,1975-05-13,false,,bcantorim@house.gov
672,Christabel,Drews,7,true,false,F,3034323115,$2834.95,Marketing Manager,1942-03-05,false,,cdrewsin@booking.com
673,Astrid,Coopland,10,false,false,F,5406188954,$4342.77,Human Resources Assistant II,1940-08-02,true,,acooplandio@amazon.co.jp
674,Claire,Pavel,4,true,true,F,1204099546,$4330.62,Sales Associate,1968-01-02,false,,cpavelip@addthis.com
675,Rich,Penton,9,false,true,M,9331293362,$2950.68,Health Coach II,1950-05-08,true,,rpentoniq@devhub.com
676,Ferdie,,3,,,M,,,,,,9,não tem
677,Pepe,Ryves,10,false,true,M,4978915824,$3290.81,VP Marketing,1960-04-28,false,,pryvesis@miitbeian.gov.cn
678,Garret,Conerding,9,false,true,M,1479960021,$1659.40,Statistician IV,1989-07-31,true,,gconerdingit@acquirethisname.com
679,Roddy,Hodinton,15,false,false,M,2799964134,$1759.67,Cost Accountant,1964-12-01,false,,rhodintoniu@cargocollective.com
680,Carlye,Shakspeare,1,false,false,F,1936204564,$2600.61,Health Coach I,1943-11-28,true,,cshakspeareiv@dion.ne.jp
681,Angel,Killelay,12,false,true,M,1652735748,$4847.94,Marketing Assistant,1979-07-04,false,,akillelayiw@prlog.org
682,Dorey,Niesegen,3,true,false,M,8473233357,$4248.06,Assistant Professor,1957-12-19,true,,dniesegenix@jugem.jp
683,Zeb,,8,,,M,,,,,,10,não tem
684,Daile,Kemmons,2,true,true,F,3724982364,$3107.16,Administrative Assistant IV,1937-12-21,false,,dkemmonsiz@com.com
685,Berrie,Ossipenko,14,false,false,F,6174073810,$3586.74,Operator,1957-12-29,true,,bossipenkoj0@networkadvertising.org
686,Elmore,Karpinski,13,true,false,M,3431937216,$3347.62,Assistant Professor,1939-01-10,true,,ekarpinskij1@google.com
687,Sheila-kathryn,,17,,,F,,,,,,21,sperrisj2@rakuten.co.jp
688,Teodorico,Russi,12,false,true,M,4022886513,$2065.37,Senior Financial Analyst,1946-04-15,true,,trussij3@mayoclinic.com
689,Iona,,13,,,F,,,,,,13,imaccurleyj4@usda.gov
690,Nicolas,,8,,,M,,,,,,10,não tem
691,Romona,Jozwiak,8,false,true,F,1242599565,$3257.96,Statistician II,1984-04-25,false,,rjozwiakj6@photobucket.com
692,Gian,Howland,8,true,false,M,1044316137,$3117.35,Paralegal,1951-07-01,false,,ghowlandj7@oaic.gov.au
693,Sibylla,Shaddock,17,false,false,F,9565521244,$1870.01,Structural Engineer,1971-10-08,true,,sshaddockj8@pcworld.com
694,Kata,,9,,,F,,,,,,4,não tem
695,Coral,,7,,,F,,,,,,16,ctuftinja@washingtonpost.com
696,Randi,Fice,13,false,true,M,5345612869,$3687.73,Food Chemist,1974-12-23,false,,rficejb@nbcnews.com
697,Antonius,Burdge,9,true,false,M,9443161157,$3969.14,Executive Secretary,1937-02-22,true,,aburdgejc@accuweather.com
698,Marcie,Shapcott,6,false,true,F,1404857615,$2089.71,Payment Adjustment Coordinator,1955-11-10,false,,mshapcottjd@adobe.com
699,Dari,Swaine,12,false,true,F,1062308950,$2630.34,Nuclear Power Engineer,1938-11-09,true,,dswaineje@huffingtonpost.com
700,Hunfredo,Arnholz,5,false,true,M,9826884016,$4605.79,Design Engineer,1947-07-15,true,,harnholzjf@imdb.com
701,Jaquith,Gligoraci,6,false,false,F,3836926764,$4835.16,Database Administrator I,1972-06-09,false,,jgligoracijg@wired.com
702,Aylmar,Larby,16,false,true,M,7908796438,$1584.13,Research Nurse,1943-08-12,true,,alarbyjh@alexa.com
703,Fanya,Huffer,14,false,true,F,5932225090,$1637.93,Information Systems Manager,1981-12-09,false,,fhufferji@feedburner.com
704,Helyn,Gemlett,2,false,false,F,2465452892,$4129.60,Cost Accountant,1992-08-12,true,,hgemlettjj@vk.com
705,Barris,Baversor,5,false,true,M,9962157077,$3419.46,Business Systems Development Analyst,1942-10-18,false,,bbaversorjk@smugmug.com
706,Siusan,Trehearne,1,false,true,F,7338901915,$4035.91,GIS Technical Architect,1989-04-14,false,,strehearnejl@domainmarket.com
707,Ramonda,,15,,,F,,,,,,16,rminearjm@ed.gov
708,Ermentrude,Camolli,16,false,true,F,9074357173,$3517.00,Systems Administrator III,1948-08-19,true,,ecamollijn@cnet.com
709,Wernher,,3,,,M,,,,,,8,não tem
710,Hayes,Heart,16,true,false,M,9411995862,$3505.33,Chemical Engineer,1983-07-13,true,,hheartjp@army.mil
711,Marian,,13,,,F,,,,,,7,não tem
712,Glenn,Bromont,10,false,true,F,9747845449,$4370.71,Clinical Specialist,1978-04-01,true,,gbromontjr@networkadvertising.org
713,Shane,Gildroy,8,false,false,F,9659978797,$4141.58,Engineer II,1952-12-13,false,,sgildroyjs@nasa.gov
714,Petr,Hakonsson,15,true,false,M,6437015529,$2670.40,Senior Developer,1930-01-28,true,,phakonssonjt@sina.com.cn
715,Ambrosio,Lankham,7,true,false,M,4145830226,$3563.38,Nurse Practicioner,1947-11-11,true,,alankhamju@reddit.com
716,Emmy,Oen,5,true,false,F,9846043854,$1547.83,Staff Accountant I,1934-08-01,true,,eoenjv@github.com
717,Roze,,13,,,F,,,,,,10,não tem
718,Lanette,Amps,13,true,true,F,1899134790,$1929.83,Internal Auditor,1961-03-13,true,,lampsjx@360.cn
719,Gaultiero,Brownbridge,8,true,false,M,3268050475,$3093.19,Environmental Tech,1977-10-01,false,,gbrownbridgejy@ftc.gov
720,Donovan,Keenor,10,true,true,M,3559521513,$2780.45,Engineer II,1945-02-05,true,,dkeenorjz@de.vu
721,Jimmy,Hawsby,3,true,true,M,6652428833,$1617.63,Environmental Specialist,1955-03-16,false,,jhawsbyk0@cyberchimps.com
722,Gerick,Glitherow,11,false,false,M,5684339860,$2427.99,Help Desk Operator,1954-07-23,false,,gglitherowk1@nsw.gov.au
723,Cortie,Thomel,14,true,false,M,6265531859,$1679.73,Computer Systems Analyst IV,1934-08-21,true,,cthomelk2@google.pl
724,Tani,Mc Trusty,7,true,true,F,4465393481,$3252.25,Mechanical Systems Engineer,1936-10-25,true,,tmctrustyk3@hhs.gov
725,Wain,Gathercoal,12,false,false,M,7407667523,$4135.34,Senior Developer,1963-12-17,false,,wgathercoalk4@twitter.com
726,Analiese,Ledgard,15,true,true,F,2361424286,$2232.12,Analyst Programmer,1970-10-02,false,,aledgardk5@whitehouse.gov
727,Horatia,,11,,,F,,,,,,17,hwigzellk6@cdbaby.com
728,Myer,Stearndale,3,true,true,M,7901233346,$2845.93,Environmental Specialist,1950-05-12,true,,mstearndalek7@home.pl
729,Millicent,Rawcliffe,8,true,false,F,4687502680,$1752.28,Speech Pathologist,1936-10-19,true,,mrawcliffek8@independent.co.uk
730,Hewe,,14,,,M,,,,,,9,não tem
731,Gabbi,,8,,,F,,,,,,14,gschafflerka@booking.com
732,Hamel,,17,,,M,,,,,,16,hhaythornkb@flavors.me
733,Vanni,,16,,,F,,,,,,21,vquarrykc@squarespace.com
734,Tessy,Guiot,4,false,true,F,8523368613,$3378.12,Occupational Therapist,1939-04-28,true,,tguiotkd@seattletimes.com
735,Filmer,Nys,2,false,true,M,8024680119,$3801.86,Paralegal,1958-08-07,true,,fnyske@amazon.com
736,Sandie,,5,,,F,,,,,,19,sinsallkf@sbwire.com
737,Boris,Johananov,3,false,true,M,3189255189,$4570.43,Marketing Manager,1956-05-25,true,,bjohananovkg@gov.uk
738,Mead,Going,14,true,false,F,5711708581,$4518.86,Recruiting Manager,1978-10-13,false,,mgoingkh@usnews.com
739,Tommie,,15,,,F,,,,,,17,thedgeski@com.com
740,Cozmo,Cliss,12,false,false,M,7069691591,$3810.81,Accounting Assistant I,1969-03-01,false,,cclisskj@ehow.com
741,Adams,Wong,13,true,true,M,2465556536,$2605.19,Director of Sales,1993-09-06,false,,awongkk@yale.edu
742,Doralyn,,8,,,F,,,,,,20,dbotlykl@lulu.com
743,Darbee,Macveigh,5,false,true,M,6207958859,$4338.40,Speech Pathologist,1952-12-21,true,,dmacveighkm@shutterfly.com
744,Yoshiko,Le Estut,1,true,false,F,4519569731,$2499.73,Cost Accountant,1985-03-25,true,,yleestutkn@berkeley.edu
745,Kipp,Jacobs,15,false,true,M,4177213268,$4739.28,Community Outreach Specialist,1931-11-12,true,,kjacobsko@tiny.cc
746,Debbie,Bletsoe,2,true,true,F,8745710645,$3853.27,Data Coordiator,1984-11-13,false,,dbletsoekp@drupal.org
747,Abbe,Dyerson,16,true,true,F,1994557129,$4639.08,Accountant II,1993-10-02,false,,adyersonkq@hostgator.com
748,Lars,Whibley,11,false,false,M,8214418336,$4277.49,Actuary,1954-10-12,true,,lwhibleykr@marketwatch.com
749,Coleman,Orable,6,true,false,M,4976879079,$4208.12,Legal Assistant,1970-11-04,true,,corableks@feedburner.com
750,Anastasia,,11,,,F,,,,,,1,não tem
751,Terrell,,13,,,M,,,,,,15,tfarthinku@biglobe.ne.jp
752,Sigismundo,Kinghorne,8,true,true,M,9922041701,$2009.61,Registered Nurse,1964-05-09,true,,skinghornekv@cbsnews.com
753,Orlan,Keohane,6,false,true,M,9457700944,$4958.58,Biostatistician IV,1982-10-23,false,,okeohanekw@microsoft.com
754,Maggie,Pattington,8,false,true,F,5247157054,$1643.56,Help Desk Technician,1940-02-26,false,,mpattingtonkx@shop-pro.jp
755,Odelinda,Kennsley,11,true,false,F,7332250663,$3427.37,Civil Engineer,1971-07-08,true,,okennsleyky@cdbaby.com
756,Shelly,Comini,7,false,false,F,3099899132,$4829.74,Operator,1965-11-13,true,,scominikz@phoca.cz
757,Man,MacGovern,11,false,false,M,3584216687,$4167.56,Research Associate,1939-05-02,false,,mmacgovernl0@sohu.com
758,Zolly,Yeaman,12,false,false,M,4243413799,$4818.68,Teacher,1956-09-29,true,,zyeamanl1@behance.net
759,Lauren,,1,,,M,,,,,,6,não tem
760,Fredra,Goggey,7,true,false,F,7104716331,$4880.53,General Manager,1965-10-04,false,,fgoggeyl3@mapy.cz
761,Mitzi,,16,,,F,,,,,,2,não tem
762,Ravi,Cathro,4,true,true,M,2028025819,$3887.61,Librarian,1954-01-26,false,,rcathrol5@over-blog.com
763,Cris,Scotting,6,false,false,M,3353568485,$2692.11,Research Associate,1950-07-16,true,,cscottingl6@i2i.jp
764,Torr,Quinane,5,false,true,M,7513985171,$1722.76,Help Desk Technician,1989-10-09,false,,tquinanel7@bravesites.com
765,Winslow,Cowle,11,true,false,M,3502735030,$3556.65,Financial Advisor,1948-03-24,false,,wcowlel8@imdb.com
766,Tamera,Jepson,4,true,true,F,3805463046,$3318.25,Associate Professor,1961-10-07,true,,tjepsonl9@nsw.gov.au
767,Lester,Bayns,16,true,true,M,2631329650,$2890.38,Automation Specialist I,1930-01-18,false,,lbaynsla@icq.com
768,Mayer,Berzon,15,true,false,M,1158843216,$1798.17,Senior Cost Accountant,1943-09-17,false,,mberzonlb@wired.com
769,Prue,Bolley,4,true,true,F,9507902952,$1677.90,Staff Scientist,1994-10-05,false,,pbolleylc@ihg.com
770,Silva,Ruste,10,true,false,F,7705806342,$3961.88,Dental Hygienist,1985-12-07,true,,srusteld@wikia.com
771,Kiel,Finker,10,true,true,M,5203798013,$2224.24,Environmental Specialist,1976-03-25,true,,kfinkerle@hugedomains.com
772,Jerrold,Jedrachowicz,11,false,false,M,2942746750,$3772.44,Registered Nurse,1976-01-29,false,,jjedrachowiczlf@answers.com
773,Zara,Dymidowicz,2,false,false,F,7638128953,$4468.90,Payment Adjustment Coordinator,1965-02-18,true,,zdymidowiczlg@forbes.com
774,Pippa,Savil,8,true,false,F,4451722634,$4257.00,Clinical Specialist,1986-02-20,false,,psavillh@nps.gov
775,Eamon,Shallow,15,false,false,M,4541594220,$4954.98,Senior Developer,1976-05-31,true,,eshallowli@tamu.edu
776,Hannie,,5,,,F,,,,,,2,não tem
777,Carin,,2,,,F,,,,,,17,cbriskeylk@myspace.com
778,Clare,Conahy,10,true,true,M,5652869897,$2713.24,General Manager,1958-10-01,false,,cconahyll@qq.com
779,Ernest,Kyneton,14,true,true,M,8543947188,$2338.66,Junior Executive,1962-03-02,true,,ekynetonlm@mit.edu
780,Silvana,Warke,4,true,true,F,9311985520,$2172.73,Dental Hygienist,1965-06-08,false,,swarkeln@constantcontact.com
781,Justine,Antosik,11,false,true,F,6253854794,$3793.14,Research Nurse,1959-11-01,false,,jantosiklo@behance.net
782,Averill,Penk,15,false,true,M,7863109194,$4639.70,Health Coach IV,1982-01-06,true,,apenklp@mail.ru
783,Haydon,,9,,,M,,,,,,3,não tem
784,Nicolis,Preedy,1,true,true,M,4488923604,$3583.14,VP Accounting,1981-09-26,false,,npreedylr@tripadvisor.com
785,Adey,Gronav,11,true,true,F,1513047884,$3501.98,Speech Pathologist,1979-10-19,false,,agronavls@ted.com
786,Hannah,,15,,,F,,,,,,15,haizikowitzlt@tumblr.com
787,Zoe,Gamble,16,false,true,F,8907421407,$2389.48,Systems Administrator IV,1935-11-05,true,,zgamblelu@archive.org
788,Orton,Espinho,6,true,false,M,8035941284,$2021.91,Assistant Media Planner,1962-04-02,false,,oespinholv@xrea.com
789,Harwilll,Pragnell,14,true,false,M,1491514437,$2398.68,Business Systems Development Analyst,1952-04-29,false,,hpragnelllw@sfgate.com
790,Elna,Rumens,15,true,true,F,9386721775,$3727.63,Environmental Tech,1941-09-22,false,,erumenslx@icq.com
791,Bronnie,,16,,,M,,,,,,4,não tem
792,Towney,Meneghi,7,true,true,M,7786630915,$4214.03,Budget/Accounting Analyst IV,1947-05-22,true,,tmeneghilz@umn.edu
793,Selina,Tedder,4,false,false,F,9127886792,$1970.04,Account Representative II,1994-10-03,true,,stedderm0@1688.com
794,Rayna,,11,,,F,,,,,,17,rshakesbyem1@amazon.de
795,Mirelle,Tethacot,13,false,false,F,1806191380,$2509.98,Payment Adjustment Coordinator,1991-05-17,false,,mtethacotm2@msn.com
796,Ingaborg,Pierrepont,5,true,true,F,6406271488,$1544.93,Systems Administrator II,1981-01-09,false,,ipierrepontm3@ask.com
797,Angel,,16,,,M,,,,,,12,aliffeym4@ted.com
798,Clarie,,5,,,F,,,,,,18,cinskom5@cornell.edu
799,Terri,Plowes,4,false,false,M,1274291412,$3701.56,Senior Sales Associate,1928-08-21,true,,tplowesm6@cbc.ca
800,Jessy,Littrik,8,false,false,F,4674133557,$4938.00,Librarian,1993-01-26,false,,jlittrikm7@gravatar.com
801,Tully,Dowbakin,3,true,false,M,3636704231,$1857.24,Senior Cost Accountant,1942-03-05,true,,tdowbakinm8@sphinn.com
802,Gaylor,,12,,,M,,,,,,16,gedlynm9@thetimes.co.uk
803,Thomasina,Rathe,1,false,false,F,7884749924,$3227.45,GIS Technical Architect,1993-11-06,true,,trathema@shop-pro.jp
804,Mervin,Newgrosh,2,true,false,M,4915396635,$4583.21,Biostatistician IV,1956-10-13,true,,mnewgroshmb@vk.com
805,Lawrence,,11,,,M,,,,,,7,não tem
806,Kaspar,,12,,,M,,,,,,15,kmidgleymd@360.cn
807,Marita,Vanichkov,9,true,false,F,6114347066,$3717.83,Marketing Manager,1950-09-28,true,,mvanichkovme@aboutads.info
808,Katerine,,3,,,F,,,,,,12,kjimpsonmf@tuttocitta.it
809,Weidar,,4,,,M,,,,,,4,não tem
810,Daniele,Benda,16,true,false,F,6467275171,$3656.56,Media Manager I,1950-08-06,true,,dbendamh@msn.com
811,Adrian,,15,,,F,,,,,,15,ahambletonmi@virginia.edu
812,Bobina,Leaning,14,true,true,F,2751077963,$1808.16,Account Executive,1977-08-19,true,,bleaningmj@barnesandnoble.com
813,Ricardo,Patrickson,8,true,true,M,1028147513,$4119.22,Recruiting Manager,1957-09-24,false,,rpatricksonmk@virginia.edu
814,Ferrel,,15,,,M,,,,,,12,ftabnerml@shop-pro.jp
815,Christen,Neggrini,3,true,true,F,6623183077,$3241.33,Pharmacist,1954-12-12,false,,cneggrinimm@google.co.uk
816,Denise,Stagge,9,true,false,F,8474542702,$2289.90,Account Executive,1944-06-07,true,,dstaggemn@webnode.com
817,Mariann,Pluvier,11,true,false,F,6898787303,$2288.64,Programmer Analyst IV,1931-05-18,false,,mpluviermo@cargocollective.com
818,Ransom,Garnsworth,15,false,true,M,6684153919,$4282.64,Chief Design Engineer,1944-03-20,true,,rgarnsworthmp@ocn.ne.jp
819,Jameson,Layton,15,false,true,M,8786892757,$4551.86,Legal Assistant,1954-11-05,false,,jlaytonmq@delicious.com
820,Jamey,Sirette,12,false,true,M,7734480591,$1522.88,VP Accounting,1990-05-13,true,,jsirettemr@nymag.com
821,Lillis,Leyborne,6,true,false,F,4669025759,$1731.30,Design Engineer,1971-11-26,false,,lleybornems@g.co
822,Jaclin,Paterno,5,true,true,F,1681635997,$1911.40,Social Worker,1978-07-15,true,,jpaternomt@mlb.com
823,Brenden,,6,,,M,,,,,,4,não tem
824,Hildagard,Monery,2,true,true,F,6632759970,$1784.91,Geologist II,1995-03-25,false,,hmonerymv@lulu.com
825,Clare,,6,,,M,,,,,,6,não tem
826,Geri,Beadle,5,false,false,M,4422259702,$4046.94,Geologist II,1939-09-01,true,,gbeadlemx@chronoengine.com
827,Boone,,13,,,M,,,,,,20,bmedwellmy@tinyurl.com
828,Linn,,2,,,F,,,,,,14,loheneghanmz@free.fr
829,Shaw,,15,,,M,,,,,,5,não tem
830,Otho,D'Alessandro,10,true,true,M,6305757908,$2745.96,Senior Sales Associate,1928-01-01,true,,odalessandron1@unesco.org
831,Manda,,10,,,F,,,,,,12,mpoxtonn2@netlog.com
832,Finlay,Ellsom,7,false,false,M,1291023595,$4751.27,Structural Engineer,1974-10-24,true,,fellsomn3@umn.edu
833,Gannon,Peirpoint,9,true,true,M,7914238610,$4941.48,Administrative Officer,1955-06-19,true,,gpeirpointn4@hibu.com
834,Cozmo,Hockell,12,false,false,M,6005962613,$2448.44,Computer Systems Analyst IV,1992-10-04,false,,chockelln5@shinystat.com
835,Lyndsay,Pendergast,8,false,false,F,3161800951,$1561.50,Junior Executive,1946-10-27,true,,lpendergastn6@squidoo.com
836,Kelbee,,10,,,M,,,,,,1,não tem
837,Joshuah,Snoden,10,false,false,M,2036640681,$2410.15,GIS Technical Architect,1928-07-10,true,,jsnodenn8@godaddy.com
838,Turner,Yoakley,17,false,false,M,5715066907,$2825.20,Nuclear Power Engineer,1966-02-16,false,,tyoakleyn9@furl.net
839,Vivianne,Lunney,17,true,true,F,4665131170,$4204.88,Structural Engineer,1961-02-18,true,,vlunneyna@vkontakte.ru
840,Fredek,Boarleyson,3,true,false,M,4328014090,$4153.38,Help Desk Operator,1992-01-20,true,,fboarleysonnb@cyberchimps.com
841,Rivi,Middlebrook,2,true,false,F,2646928678,$2542.83,Web Developer IV,1983-02-21,true,,rmiddlebrooknc@economist.com
842,Francyne,Clausner,3,true,false,F,2677538253,$4941.60,Nuclear Power Engineer,1971-06-24,true,,fclausnernd@dropbox.com
843,Regan,Zeplin,11,false,false,F,7324369271,$4895.07,Help Desk Technician,1964-07-13,false,,rzeplinne@intel.com
844,Pandora,Seer,2,true,false,F,7038504883,$2034.43,Assistant Media Planner,1968-02-18,false,,pseernf@phoca.cz
845,Krystyna,,17,,,F,,,,,,19,kbenthamng@istockphoto.com
846,Ailbert,,5,,,M,,,,,,5,não tem
847,Sibley,Coyne,11,true,true,F,3282512298,$4434.31,Legal Assistant,1987-03-17,true,,scoyneni@indiatimes.com
848,Berty,Klazenga,11,false,true,M,7192501974,$3915.14,Professor,1992-04-20,true,,bklazenganj@cdc.gov
849,Hans,Crossby,13,true,false,M,9785428847,$3893.40,Mechanical Systems Engineer,1968-08-14,false,,hcrossbynk@apple.com
850,Lodovico,Logue,13,false,false,M,3903859558,$3159.45,Mechanical Systems Engineer,1961-07-01,false,,lloguenl@prnewswire.com
851,Griswold,Chaikovski,11,true,false,M,3612957858,$4380.30,Computer Systems Analyst II,1939-02-13,true,,gchaikovskinm@google.es
852,Baron,Dorgan,16,true,false,M,5271614878,$2062.79,Registered Nurse,1979-02-12,true,,bdorgannn@yahoo.co.jp
853,Theo,Goodhall,1,true,true,F,6417707341,$1635.35,Safety Technician II,1971-07-06,true,,tgoodhallno@bing.com
854,Adelle,,7,,,F,,,,,,15,aredmellnp@tripadvisor.com
855,Jae,,5,,,M,,,,,,11,jmcelorynq@jalbum.net
856,Zach,,9,,,M,,,,,,1,não tem
857,Duffie,Belf,7,true,true,M,3003992471,$4184.37,Account Coordinator,1936-04-16,true,,dbelfns@nbcnews.com
858,Almira,Borrott,12,true,true,F,1924104900,$1769.61,General Manager,1972-09-30,true,,aborrottnt@imgur.com
859,Itch,Dummett,6,false,false,M,2346044193,$3328.83,Developer II,1936-08-09,true,,idummettnu@cafepress.com
860,Efren,Bolzmann,8,false,false,M,3348084145,$2469.20,Junior Executive,1980-02-27,true,,ebolzmannnv@columbia.edu
861,Faye,,13,,,F,,,,,,17,feyckelnw@constantcontact.com
862,Barbaraanne,,2,,,F,,,,,,2,não tem
863,Ring,Skill,10,false,false,M,2311903950,$4115.37,Administrative Officer,1973-01-06,false,,rskillny@about.com
864,Ginelle,Toppas,10,false,false,F,2158973099,$3128.79,Financial Advisor,1937-09-05,true,,gtoppasnz@com.com
865,Desdemona,Marczyk,1,true,true,F,7861889968,$3185.30,Engineer I,1959-05-16,false,,dmarczyko0@soup.io
866,Natal,,9,,,M,,,,,,8,não tem
867,Rudolf,Chezier,8,false,false,M,1043466778,$2277.88,Senior Developer,1960-01-18,true,,rcheziero2@ftc.gov
868,Rosalia,Drei,10,false,true,F,9014452061,$3976.50,Administrative Assistant IV,1945-03-28,true,,rdreio3@youku.com
869,Ignacius,Van der Hoeven,11,true,false,M,7714752696,$4852.11,Food Chemist,1944-10-08,true,,ivanderhoeveno4@shinystat.com
870,Hunt,Prandin,16,false,false,M,8392781121,$4808.58,Sales Representative,1933-03-30,false,,hprandino5@dropbox.com
871,Daffie,Danielovitch,15,true,false,F,1345311217,$2408.63,VP Product Management,1957-07-31,true,,ddanielovitcho6@noaa.gov
872,Ham,,15,,,M,,,,,,17,hlangtreeo7@typepad.com
873,Jasun,Erwin,3,true,false,M,4991117067,$2201.30,Financial Analyst,1950-12-10,true,,jerwino8@china.com.cn
874,Greta,,7,,,F,,,,,,4,não tem
875,Cynde,Pithie,10,false,false,F,9993161803,$2861.41,Data Coordiator,1940-04-16,true,,cpithieoa@rediff.com
876,Sheba,Aneley,7,true,true,F,3158547055,$1580.12,Structural Analysis Engineer,1951-03-03,true,,saneleyob@blinklist.com
877,Rriocard,,3,,,M,,,,,,10,não tem
878,Saree,Siverns,16,false,true,F,5087090452,$4577.78,Senior Sales Associate,1933-05-31,false,,ssivernsod@github.com
879,Kiah,Emlin,7,false,true,F,5293533873,$2473.45,GIS Technical Architect,1956-10-13,true,,kemlinoe@t-online.de
880,Euphemia,,16,,,F,,,,,,1,não tem
881,Merl,Duberry,6,false,false,F,3264884938,$3385.61,Director of Sales,1935-01-17,false,,mduberryog@google.com
882,Haskell,Filppetti,4,false,false,M,2177538386,$3927.16,Software Engineer IV,1978-03-06,true,,hfilppettioh@abc.net.au
883,Cloris,McClements,6,true,true,F,3917189052,$2671.41,Compensation Analyst,1970-04-15,false,,cmcclementsoi@arstechnica.com
884,Deborah,Bartoszinski,6,false,true,F,4025521502,$1652.18,Developer III,1965-09-09,true,,dbartoszinskioj@opera.com
885,Jesse,Gregorio,16,true,true,M,9186373483,$3170.86,Food Chemist,1925-09-19,true,,jgregoriook@ebay.co.uk
886,Kippar,Petherick,5,true,true,M,8727097434,$3618.50,Senior Quality Engineer,1957-09-27,false,,kpetherickol@bbb.org
887,Yurik,,16,,,M,,,,,,10,não tem
888,Priscilla,,17,,,F,,,,,,10,não tem
889,Moses,,13,,,M,,,,,,8,não tem
890,Selestina,Ofen,13,true,true,F,6674932560,$3850.37,VP Accounting,1992-12-27,false,,sofenop@com.com
891,Chase,Cutill,16,false,true,M,2382013623,$4207.65,Statistician I,1951-06-19,true,,ccutilloq@washington.edu
892,Sandy,Eglaise,15,false,false,M,5081639424,$2690.88,Financial Analyst,1979-08-06,true,,seglaiseor@gmpg.org
893,Maison,Knappitt,12,true,false,M,1867465876,$3999.41,Legal Assistant,1949-11-09,false,,mknappittos@constantcontact.com
894,Shaina,Stephens,12,true,true,F,2463600450,$3601.22,Sales Representative,1955-06-16,true,,sstephensot@dropbox.com
895,Nerty,Frankema,9,false,true,F,7805665665,$1695.08,Teacher,1936-02-18,true,,nfrankemaou@amazon.co.jp
896,Jesus,Bragger,16,false,true,M,6657507210,$4915.00,Database Administrator III,1927-05-05,false,,jbraggerov@noaa.gov
897,Rafaello,Keford,12,false,false,M,5562156426,$2710.18,Staff Accountant IV,1974-07-18,false,,rkefordow@statcounter.com
898,Karol,Kelner,10,true,false,F,4504910475,$3684.88,Data Coordiator,1940-03-13,true,,kkelnerox@theatlantic.com
899,Beckie,Tuddall,4,false,true,F,3111521177,$3875.39,Financial Analyst,1988-05-05,false,,btuddalloy@istockphoto.com
900,Husein,,6,,,M,,,,,,10,não tem
901,Tonia,Castillo,10,true,false,F,7988066018,$2594.30,Assistant Manager,1968-10-28,false,,tcastillop0@naver.com
902,Barris,,2,,,M,,,,,,6,não tem
903,Naoma,Jamme,1,true,false,F,9366341868,$3305.08,Electrical Engineer,1961-08-04,false,,njammep2@yandex.ru
904,Oralia,Kubera,6,false,false,F,2998788170,$2001.45,Accounting Assistant IV,1935-06-12,false,,okuberap3@washington.edu
905,Otto,Dashper,17,false,false,M,1132840086,$3693.44,Product Engineer,1953-03-29,false,,odashperp4@vkontakte.ru
906,Niki,,5,,,M,,,,,,16,nconfaitp5@feedburner.com
907,Nobie,Bernardez,7,false,true,M,1531523025,$1505.17,Payment Adjustment Coordinator,1960-04-06,false,,nbernardezp6@studiopress.com
908,Bastian,Beaument,4,true,true,M,3359686663,$1505.90,Legal Assistant,1957-06-17,false,,bbeaumentp7@topsy.com
909,Gauthier,Stackbridge,16,false,true,M,1828541985,$4897.77,Health Coach I,1983-01-08,true,,gstackbridgep8@jigsy.com
910,Freeman,,11,,,M,,,,,,18,flennoxp9@indiatimes.com
911,Dalia,Tomsett,16,false,true,F,6178122335,$2018.22,Project Manager,1934-09-01,true,,dtomsettpa@mashable.com
912,Orelia,,3,,,F,,,,,,2,não tem
913,Parke,Bromont,11,true,true,M,5781171327,$4814.39,Design Engineer,1982-09-18,false,,pbromontpc@etsy.com
914,Tabbitha,,15,,,F,,,,,,5,não tem
915,Paulo,,4,,,M,,,,,,14,pcurraope@telegraph.co.uk
916,Coralie,Haigh,16,true,true,F,6129293673,$1747.05,Chemical Engineer,1949-05-11,true,,chaighpf@prnewswire.com
917,Vincent,Dinjes,10,true,false,M,8486645526,$3488.92,Programmer II,1964-04-30,false,,vdinjespg@msu.edu
918,Odille,Lintot,6,false,true,F,4074762035,$1611.69,Business Systems Development Analyst,1960-07-26,true,,olintotph@prnewswire.com
919,Marsiella,Pomphrey,4,true,true,F,8107704976,$2792.65,Engineer III,1942-01-31,true,,mpomphreypi@google.ca
920,Antin,Lindblad,5,false,false,M,9111284933,$1581.41,Associate Professor,1987-05-28,true,,alindbladpj@apache.org
921,Sharyl,Filyukov,13,false,false,F,6695093875,$3339.95,Occupational Therapist,1933-11-18,false,,sfilyukovpk@google.co.jp
922,Melantha,,7,,,F,,,,,,8,não tem
923,Odelle,,8,,,F,,,,,,18,osultanpm@vinaora.com
924,Hamid,Skeffington,1,true,false,M,4318613168,$4150.76,Nurse Practicioner,1984-11-21,true,,hskeffingtonpn@macromedia.com
925,Nanci,Mangan,8,false,false,F,5404824851,$3389.73,Environmental Tech,1939-01-13,true,,nmanganpo@usnews.com
926,Noelle,Fane,1,true,true,F,6871712850,$3740.12,Paralegal,1926-07-18,true,,nfanepp@google.co.jp
927,Skipp,Sarver,17,true,true,M,2008744386,$3909.27,Environmental Specialist,1960-01-19,false,,ssarverpq@list-manage.com
928,Gillan,Givens,1,true,false,F,1939764609,$2124.14,Developer I,1982-05-25,true,,ggivenspr@sourceforge.net
929,Marris,Hoffmann,17,false,true,F,4609072065,$3833.56,Associate Professor,1976-02-10,true,,mhoffmannps@moonfruit.com
930,Mortie,Knobell,14,false,false,M,7762727602,$4747.60,Marketing Manager,1991-02-12,false,,mknobellpt@virginia.edu
931,Sinclare,Petrovic,17,false,false,M,3189224547,$3175.11,Environmental Specialist,1943-05-31,true,,spetrovicpu@dmoz.org
932,Hubie,Gairdner,17,true,false,M,8507568864,$2029.41,Editor,1984-06-02,true,,hgairdnerpv@arstechnica.com
933,Hakim,Seeking,15,true,false,M,3589050054,$2124.28,Senior Quality Engineer,1937-03-19,true,,hseekingpw@state.gov
934,Avictor,Sharram,2,true,false,M,6833199714,$2667.75,VP Marketing,1978-01-24,false,,asharrampx@ihg.com
935,Allard,Sicha,16,false,true,M,4695773009,$4264.56,Geological Engineer,1949-07-07,false,,asichapy@reverbnation.com
936,Vernon,Kelway,15,false,false,M,9159794787,$2783.04,Associate Professor,1925-12-17,false,,vkelwaypz@tinypic.com
937,Emily,Junkinson,2,true,true,F,1945150010,$2749.95,Information Systems Manager,1962-08-01,true,,ejunkinsonq0@hp.com
938,Carin,Fear,7,false,true,F,6283124312,$1930.78,Structural Analysis Engineer,1970-12-31,true,,cfearq1@seattletimes.com
939,Michel,,15,,,M,,,,,,3,não tem
940,Suzi,Cridge,9,true,true,F,1773277515,$2731.15,Nuclear Power Engineer,1978-10-06,false,,scridgeq3@cocolog-nifty.com
941,Gunar,Dameisele,14,true,false,M,3244405317,$4325.63,Clinical Specialist,1950-04-09,true,,gdameiseleq4@cnbc.com
942,Malorie,,4,,,F,,,,,,14,mmcgahyq5@youtu.be
943,Doy,,3,,,M,,,,,,20,dewellq6@state.tx.us
944,Conn,Stansell,3,true,true,M,8646573989,$4031.67,VP Quality Control,1994-04-11,true,,cstansellq7@deliciousdays.com
945,Myrtle,Otteridge,17,false,false,F,5255564982,$3783.22,Quality Engineer,1987-11-27,true,,motteridgeq8@csmonitor.com
946,Alaine,Cake,15,true,false,F,6972273545,$3455.22,Editor,1932-07-28,true,,acakeq9@list-manage.com
947,Antonius,Van de Castele,16,false,false,M,7384894527,$2567.54,Statistician IV,1967-02-08,false,,avandecasteleqa@europa.eu
948,Reinold,Christoffe,8,true,true,M,9266104106,$2474.82,Staff Accountant I,1980-05-02,false,,rchristoffeqb@wikipedia.org
949,Mac,,7,,,M,,,,,,16,msonscheinqc@printfriendly.com
950,Griffie,,5,,,M,,,,,,12,grosarioqd@livejournal.com
951,Miof mela,Pragnall,5,false,false,F,7937238092,$4059.81,Assistant Manager,1973-08-09,true,,mpragnallqe@virginia.edu
952,Gracie,Flawith,10,true,true,F,9108022321,$3367.68,Help Desk Technician,1948-09-03,true,,gflawithqf@lycos.com
953,Mario,Nequest,16,true,false,M,5495590417,$2360.24,Data Coordiator,1932-07-20,false,,mnequestqg@shutterfly.com
954,Liam,Petricek,9,true,true,M,3027390903,$4398.61,Nurse,1987-08-21,false,,lpetricekqh@bloglovin.com
955,Lawrence,Alpes,7,false,false,M,2462743077,$4483.71,Statistician IV,1944-06-22,false,,lalpesqi@webmd.com
956,Tedda,Khotler,15,false,false,F,8079813251,$3212.33,Assistant Media Planner,1936-01-25,false,,tkhotlerqj@google.co.uk
957,Redford,Plesing,10,false,true,M,6302300206,$3571.97,Statistician IV,1927-07-30,false,,rplesingqk@goodreads.com
958,Maggy,Saura,2,true,true,F,1678945529,$4406.33,Human Resources Assistant II,1961-07-11,false,,msauraql@geocities.com
959,Kristan,Storrie,1,false,true,F,1326755928,$2050.92,Graphic Designer,1975-10-20,false,,kstorrieqm@eventbrite.com
960,Jenni,Goodbur,16,false,true,F,2528650536,$2126.66,Environmental Tech,1982-10-17,true,,jgoodburqn@phpbb.com
961,Giacopo,,5,,,M,,,,,,3,não tem
962,Jean,Bayne,7,false,true,M,8622532843,$4261.38,Web Developer I,1943-05-29,false,,jbayneqp@time.com
963,Leta,,15,,,F,,,,,,16,lsheriffqq@qq.com
964,Rodie,O'Moylane,10,true,true,F,6486999047,$2829.54,Structural Engineer,1944-01-07,false,,romoylaneqr@purevolume.com
965,Darius,,10,,,M,,,,,,5,não tem
966,Julio,Trundell,10,false,false,M,6159634344,$1799.75,Administrative Officer,1954-08-16,true,,jtrundellqt@ustream.tv
967,Eal,,11,,,M,,,,,,11,emacmenaminqu@ucoz.com
968,Zia,Ortiger,13,false,false,F,2633195310,$4939.54,Nurse Practicioner,1974-12-18,false,,zortigerqv@latimes.com
969,Rubi,,15,,,F,,,,,,14,rwallesqw@elegantthemes.com
970,Sonya,Barfoot,5,true,true,F,5913314894,$4016.18,Human Resources Assistant II,1991-07-07,true,,sbarfootqx@opera.com
971,Milt,Bacher,13,true,true,M,9438320556,$2036.23,Software Consultant,1980-10-01,false,,mbacherqy@japanpost.jp
972,Stefan,Silburn,12,true,true,M,3343496119,$4873.73,Project Manager,1937-12-17,false,,ssilburnqz@fda.gov
973,Randie,Dohmann,17,true,true,F,8328139970,$4055.65,Account Executive,1978-11-05,true,,rdohmannr0@answers.com
974,Aldrich,Chantree,12,false,true,M,2847167890,$3409.00,Registered Nurse,1941-02-15,true,,achantreer1@mayoclinic.com
975,Claudell,McQuilty,14,true,false,M,4046759811,$3851.18,Technical Writer,1966-01-04,true,,cmcquiltyr2@mail.ru
976,Ginger,Duprey,3,false,false,M,2912078471,$4388.56,Quality Control Specialist,1942-07-31,true,,gdupreyr3@shop-pro.jp
977,Saunderson,Mitchenson,5,true,true,M,9225095561,$1987.85,Actuary,1990-04-18,true,,smitchensonr4@intel.com
978,Lev,,11,,,M,,,,,,5,não tem
979,Dasha,Labdon,15,false,false,F,8307131113,$2555.99,Biostatistician IV,1926-05-09,false,,dlabdonr6@biglobe.ne.jp
980,Merola,Defont,3,false,false,F,2444592042,$2606.57,Human Resources Assistant I,1968-11-20,true,,mdefontr7@wikia.com
981,Orv,Latta,2,true,true,M,4484774404,$2104.03,Desktop Support Technician,1976-02-13,false,,olattar8@japanpost.jp
982,Shannan,Hucklesby,3,true,true,M,4388726605,$4244.37,Chemical Engineer,1969-10-18,false,,shucklesbyr9@cbc.ca
983,Prinz,,3,,,M,,,,,,10,não tem
984,Eleanore,,5,,,F,,,,,,2,não tem
985,Bevin,McClifferty,3,false,false,M,8753117889,$2572.09,Web Designer I,1938-02-28,false,,bmccliffertyrc@youtu.be
986,Queenie,,10,,,F,,,,,,4,não tem
987,Aharon,Brunke,11,true,true,M,8346051239,$2413.12,Desktop Support Technician,1989-08-07,false,,abrunkere@intel.com
988,Brigham,Ohrt,2,true,false,M,8255091289,$3481.82,Editor,1937-02-28,true,,bohrtrf@auda.org.au
989,Nickola,,6,,,M,,,,,,9,não tem
990,Corissa,,13,,,F,,,,,,16,cvolckerrh@army.mil
991,Ford,,10,,,M,,,,,,7,não tem
992,Kipper,,17,,,M,,,,,,14,kcancellerrj@amazonaws.com
993,Perice,Duchasteau,1,false,false,M,3391678312,$2074.88,Safety Technician I,1959-11-08,true,,pduchasteaurk@over-blog.com
994,Flss,Stannard,10,true,true,F,5473516717,$4199.09,Teacher,1991-05-06,false,,fstannardrl@foxnews.com
995,Alexa,Ponting,17,false,false,F,3726716597,$4582.25,Developer II,1983-12-12,true,,apontingrm@mysql.com
996,Stephanus,Neary,1,true,false,M,3696375835,$3366.23,Information Systems Manager,1971-06-08,true,,snearyrn@goo.ne.jp
997,Tabb,,15,,,M,,,,,,3,não tem
998,Julio,,4,,,M,,,,,,14,jderrellrp@imdb.com
999,Jenelle,Denyukin,15,false,true,F,3905981664,$4005.01,VP Accounting,1946-09-08,true,,jdenyukinrq@ucla.edu
1000,Sandy,Vaadeland,8,true,false,M,8274948507,$4641.60,Senior Developer,1941-10-23,true,,svaadelandrr@hhs.gov
